2026-08-04 12:05:19,655 [Worker-1: Loading available Gradle versions] INFO  o.e.b.c.i.u.g.PublishedGradleVersions - Gradle version information cache is not available. Remote download required.
2026-08-04 12:22:19,907 [Worker-2: Importing Maven projects] INFO  o.e.m.c.i.l.LifecycleMappingFactory - Using org.eclipse.m2e.jdt.JarLifecycleMapping lifecycle mapping for MavenProject: com.edutrack:eureka-server:0.0.1-SNAPSHOT @ D:\EduTrack\backend\eureka-server\pom.xml.
2026-08-04 12:22:22,105 [Worker-2: Importing Maven projects] INFO  o.e.m.j.i.AbstractJavaProjectConfigurator - Adding source folder /eureka-server/src/main/java
2026-08-04 12:22:22,107 [Worker-2: Importing Maven projects] INFO  o.e.m.j.i.AbstractJavaProjectConfigurator - Adding resource folder /eureka-server/src/main/resources
2026-08-04 12:22:22,113 [Worker-2: Importing Maven projects] INFO  o.e.m.j.i.AbstractJavaProjectConfigurator - Adding resource folder /eureka-server/src/main/resources
2026-08-04 12:22:22,119 [Worker-2: Importing Maven projects] INFO  o.e.m.j.i.AbstractJavaProjectConfigurator - Adding source folder /eureka-server/src/test/java
2026-08-04 12:22:22,120 [Worker-2: Importing Maven projects] INFO  o.e.m.j.i.AbstractJavaProjectConfigurator - Adding resource folder /eureka-server/src/test/resources
2026-08-04 12:22:23,750 [Worker-2: Importing Maven projects] WARN  o.apache.maven.project.MavenProject - Plugin is modifying compileSourceRoots through clear(), which will not work in Maven 4.0.0. Use MavenProject.addCompileSourceRoot()/removeCompileSourceRoot() methods instead. If using a plugin, please upgrade to the latest version or report the issue to the plugin maintainer. To disable these warnings, set -Dmaven.project.sourceRoots.warningsDisabled=true on the command line, in the .mvn/maven.config file, or in project POM properties.
2026-08-04 12:22:23,753 [Worker-2: Importing Maven projects] WARN  o.apache.maven.project.MavenProject - Plugin is modifying compileSourceRoots through add(), which will not work in Maven 4.0.0. Use MavenProject.addCompileSourceRoot()/removeCompileSourceRoot() methods instead. If using a plugin, please upgrade to the latest version or report the issue to the plugin maintainer. To disable these warnings, set -Dmaven.project.sourceRoots.warningsDisabled=true on the command line, in the .mvn/maven.config file, or in project POM properties.
2026-08-04 12:22:23,754 [Worker-2: Importing Maven projects] WARN  o.apache.maven.project.MavenProject - Plugin is modifying testCompileSourceRoots through clear(), which will not work in Maven 4.0.0. Use MavenProject.addTestCompileSourceRoot()/removeTestCompileSourceRoot() methods instead. If using a plugin, please upgrade to the latest version or report the issue to the plugin maintainer. To disable these warnings, set -Dmaven.project.sourceRoots.warningsDisabled=true on the command line, in the .mvn/maven.config file, or in project POM properties.
2026-08-04 12:22:23,755 [Worker-2: Importing Maven projects] WARN  o.apache.maven.project.MavenProject - Plugin is modifying testCompileSourceRoots through add(), which will not work in Maven 4.0.0. Use MavenProject.addTestCompileSourceRoot()/removeTestCompileSourceRoot() methods instead. If using a plugin, please upgrade to the latest version or report the issue to the plugin maintainer. To disable these warnings, set -Dmaven.project.sourceRoots.warningsDisabled=true on the command line, in the .mvn/maven.config file, or in project POM properties.
2026-08-04 12:22:23,814 [Worker-2: Importing Maven projects] INFO  o.e.m.c.i.p.ProjectConfigurationManager - Imported and configured 1 project(s) in 5 sec
2026-08-04 12:22:25,997 [Worker-47: Building] INFO  o.a.m.s.f.DefaultMavenResourcesFiltering - Copying 1 resource from src\main\resources to target\classes
2026-08-04 12:22:26,021 [Worker-47: Building] INFO  o.a.m.s.f.DefaultMavenResourcesFiltering - Copying 0 resource from src\main\resources to target\classes
2026-08-04 12:22:26,037 [Worker-47: Building] INFO  o.a.m.s.f.DefaultMavenResourcesFiltering - skip non existing resourceDirectory D:\EduTrack\backend\eureka-server\src\test\resources
2026-08-04 12:22:26,708 [Worker-47: Building] WARN  o.apache.maven.project.MavenProject - Plugin is modifying compileSourceRoots through clear(), which will not work in Maven 4.0.0. Use MavenProject.addCompileSourceRoot()/removeCompileSourceRoot() methods instead. If using a plugin, please upgrade to the latest version or report the issue to the plugin maintainer. To disable these warnings, set -Dmaven.project.sourceRoots.warningsDisabled=true on the command line, in the .mvn/maven.config file, or in project POM properties.
2026-08-04 12:22:26,709 [Worker-47: Building] WARN  o.apache.maven.project.MavenProject - Plugin is modifying compileSourceRoots through add(), which will not work in Maven 4.0.0. Use MavenProject.addCompileSourceRoot()/removeCompileSourceRoot() methods instead. If using a plugin, please upgrade to the latest version or report the issue to the plugin maintainer. To disable these warnings, set -Dmaven.project.sourceRoots.warningsDisabled=true on the command line, in the .mvn/maven.config file, or in project POM properties.
2026-08-04 12:22:26,710 [Worker-47: Building] WARN  o.apache.maven.project.MavenProject - Plugin is modifying testCompileSourceRoots through clear(), which will not work in Maven 4.0.0. Use MavenProject.addTestCompileSourceRoot()/removeTestCompileSourceRoot() methods instead. If using a plugin, please upgrade to the latest version or report the issue to the plugin maintainer. To disable these warnings, set -Dmaven.project.sourceRoots.warningsDisabled=true on the command line, in the .mvn/maven.config file, or in project POM properties.
2026-08-04 12:22:26,710 [Worker-47: Building] WARN  o.apache.maven.project.MavenProject - Plugin is modifying testCompileSourceRoots through add(), which will not work in Maven 4.0.0. Use MavenProject.addTestCompileSourceRoot()/removeTestCompileSourceRoot() methods instead. If using a plugin, please upgrade to the latest version or report the issue to the plugin maintainer. To disable these warnings, set -Dmaven.project.sourceRoots.warningsDisabled=true on the command line, in the .mvn/maven.config file, or in project POM properties.
2026-08-04 14:51:08,691 [Worker-69: Updating Maven Project] INFO  o.e.m.c.i.p.ProjectConfigurationManager - Update started
2026-08-04 14:51:10,705 [Worker-69: Updating Maven Project] INFO  o.e.m.c.i.l.LifecycleMappingFactory - Using org.eclipse.m2e.jdt.JarLifecycleMapping lifecycle mapping for MavenProject: com.edutrack:eureka-server:0.0.1-SNAPSHOT @ D:\EduTrack\backend\eureka-server\pom.xml.
2026-08-04 14:51:12,257 [Worker-69: Updating Maven Project] INFO  o.e.m.j.i.AbstractJavaProjectConfigurator - Adding source folder /eureka-server/src/main/java
2026-08-04 14:51:12,259 [Worker-69: Updating Maven Project] INFO  o.e.m.j.i.AbstractJavaProjectConfigurator - Adding resource folder /eureka-server/src/main/resources
2026-08-04 14:51:12,260 [Worker-69: Updating Maven Project] INFO  o.e.m.j.i.AbstractJavaProjectConfigurator - Adding resource folder /eureka-server/src/main/resources
2026-08-04 14:51:12,275 [Worker-69: Updating Maven Project] INFO  o.e.m.j.i.AbstractJavaProjectConfigurator - Adding source folder /eureka-server/src/test/java
2026-08-04 14:51:12,277 [Worker-69: Updating Maven Project] INFO  o.e.m.j.i.AbstractJavaProjectConfigurator - Adding resource folder /eureka-server/src/test/resources
2026-08-04 14:51:12,692 [Worker-69: Updating Maven Project] WARN  o.apache.maven.project.MavenProject - Plugin is modifying compileSourceRoots through clear(), which will not work in Maven 4.0.0. Use MavenProject.addCompileSourceRoot()/removeCompileSourceRoot() methods instead. If using a plugin, please upgrade to the latest version or report the issue to the plugin maintainer. To disable these warnings, set -Dmaven.project.sourceRoots.warningsDisabled=true on the command line, in the .mvn/maven.config file, or in project POM properties.
2026-08-04 14:51:12,704 [Worker-69: Updating Maven Project] WARN  o.apache.maven.project.MavenProject - Plugin is modifying compileSourceRoots through add(), which will not work in Maven 4.0.0. Use MavenProject.addCompileSourceRoot()/removeCompileSourceRoot() methods instead. If using a plugin, please upgrade to the latest version or report the issue to the plugin maintainer. To disable these warnings, set -Dmaven.project.sourceRoots.warningsDisabled=true on the command line, in the .mvn/maven.config file, or in project POM properties.
2026-08-04 14:51:12,706 [Worker-69: Updating Maven Project] WARN  o.apache.maven.project.MavenProject - Plugin is modifying testCompileSourceRoots through clear(), which will not work in Maven 4.0.0. Use MavenProject.addTestCompileSourceRoot()/removeTestCompileSourceRoot() methods instead. If using a plugin, please upgrade to the latest version or report the issue to the plugin maintainer. To disable these warnings, set -Dmaven.project.sourceRoots.warningsDisabled=true on the command line, in the .mvn/maven.config file, or in project POM properties.
2026-08-04 14:51:12,707 [Worker-69: Updating Maven Project] WARN  o.apache.maven.project.MavenProject - Plugin is modifying testCompileSourceRoots through add(), which will not work in Maven 4.0.0. Use MavenProject.addTestCompileSourceRoot()/removeTestCompileSourceRoot() methods instead. If using a plugin, please upgrade to the latest version or report the issue to the plugin maintainer. To disable these warnings, set -Dmaven.project.sourceRoots.warningsDisabled=true on the command line, in the .mvn/maven.config file, or in project POM properties.
2026-08-04 14:51:12,888 [Worker-69: Updating Maven Project] INFO  o.e.m.c.i.p.ProjectConfigurationManager - Update completed for 1 poms: local refresh takes 0.00 sec, refresh facades takes 3.00 sec, update config takes 0.00 sec 
2026-08-04 14:51:14,358 [Worker-65: Building] INFO  o.a.m.s.f.DefaultMavenResourcesFiltering - Copying 1 resource from src\main\resources to target\classes
2026-08-04 14:51:14,381 [Worker-65: Building] INFO  o.a.m.s.f.DefaultMavenResourcesFiltering - Copying 0 resource from src\main\resources to target\classes
2026-08-04 14:51:14,400 [Worker-65: Building] INFO  o.a.m.s.f.DefaultMavenResourcesFiltering - skip non existing resourceDirectory D:\EduTrack\backend\eureka-server\src\test\resources
2026-08-04 14:51:14,444 [Worker-65: Building] WARN  o.apache.maven.project.MavenProject - Plugin is modifying compileSourceRoots through clear(), which will not work in Maven 4.0.0. Use MavenProject.addCompileSourceRoot()/removeCompileSourceRoot() methods instead. If using a plugin, please upgrade to the latest version or report the issue to the plugin maintainer. To disable these warnings, set -Dmaven.project.sourceRoots.warningsDisabled=true on the command line, in the .mvn/maven.config file, or in project POM properties.
2026-08-04 14:51:14,445 [Worker-65: Building] WARN  o.apache.maven.project.MavenProject - Plugin is modifying compileSourceRoots through add(), which will not work in Maven 4.0.0. Use MavenProject.addCompileSourceRoot()/removeCompileSourceRoot() methods instead. If using a plugin, please upgrade to the latest version or report the issue to the plugin maintainer. To disable these warnings, set -Dmaven.project.sourceRoots.warningsDisabled=true on the command line, in the .mvn/maven.config file, or in project POM properties.
2026-08-04 14:51:14,446 [Worker-65: Building] WARN  o.apache.maven.project.MavenProject - Plugin is modifying testCompileSourceRoots through clear(), which will not work in Maven 4.0.0. Use MavenProject.addTestCompileSourceRoot()/removeTestCompileSourceRoot() methods instead. If using a plugin, please upgrade to the latest version or report the issue to the plugin maintainer. To disable these warnings, set -Dmaven.project.sourceRoots.warningsDisabled=true on the command line, in the .mvn/maven.config file, or in project POM properties.
2026-08-04 14:51:14,446 [Worker-65: Building] WARN  o.apache.maven.project.MavenProject - Plugin is modifying testCompileSourceRoots through add(), which will not work in Maven 4.0.0. Use MavenProject.addTestCompileSourceRoot()/removeTestCompileSourceRoot() methods instead. If using a plugin, please upgrade to the latest version or report the issue to the plugin maintainer. To disable these warnings, set -Dmaven.project.sourceRoots.warningsDisabled=true on the command line, in the .mvn/maven.config file, or in project POM properties.
2026-08-04 14:51:18,033 [Worker-66: Building] INFO  o.e.m.c.i.e.AbstractTransferListenerAdapter - Downloading https://repo.maven.apache.org/maven2/org/springframework/boot/spring-boot-starter-parent/3.5.4/spring-boot-starter-parent-3.5.4.pom
2026-08-04 14:51:18,060 [Worker-66: Building] INFO  o.e.m.c.i.e.AbstractTransferListenerAdapter - Downloaded https://repo.maven.apache.org/maven2/org/springframework/boot/spring-boot-starter-parent/3.5.4/spring-boot-starter-parent-3.5.4.pom
2026-08-04 14:51:18,196 [Worker-66: Building] INFO  o.e.m.c.i.e.AbstractTransferListenerAdapter - Downloading https://repo.maven.apache.org/maven2/org/springframework/boot/spring-boot-dependencies/3.5.4/spring-boot-dependencies-3.5.4.pom
2026-08-04 14:51:18,209 [Worker-66: Building] INFO  o.e.m.c.i.e.AbstractTransferListenerAdapter - Downloaded https://repo.maven.apache.org/maven2/org/springframework/boot/spring-boot-dependencies/3.5.4/spring-boot-dependencies-3.5.4.pom
2026-08-04 14:51:18,333 [Worker-66: Building] INFO  o.e.m.c.i.e.AbstractTransferListenerAdapter - Downloading https://repo.maven.apache.org/maven2/org/springframework/cloud/spring-cloud-dependencies/2025.0.0/spring-cloud-dependencies-2025.0.0.pom
2026-08-04 14:51:18,340 [Worker-66: Building] INFO  o.e.m.c.i.e.AbstractTransferListenerAdapter - Downloaded https://repo.maven.apache.org/maven2/org/springframework/cloud/spring-cloud-dependencies/2025.0.0/spring-cloud-dependencies-2025.0.0.pom
2026-08-04 14:51:18,441 [Worker-66: Building] INFO  o.e.m.c.i.e.AbstractTransferListenerAdapter - Downloading https://repo.maven.apache.org/maven2/org/springframework/cloud/spring-cloud-dependencies-parent/4.3.0/spring-cloud-dependencies-parent-4.3.0.pom
2026-08-04 14:51:18,450 [Worker-66: Building] INFO  o.e.m.c.i.e.AbstractTransferListenerAdapter - Downloaded https://repo.maven.apache.org/maven2/org/springframework/cloud/spring-cloud-dependencies-parent/4.3.0/spring-cloud-dependencies-parent-4.3.0.pom
2026-08-04 14:51:18,543 [Worker-66: Building] INFO  o.e.m.c.i.e.AbstractTransferListenerAdapter - Downloading https://repo.maven.apache.org/maven2/org/springframework/cloud/spring-cloud-commons-dependencies/4.3.0/spring-cloud-commons-dependencies-4.3.0.pom
2026-08-04 14:51:18,548 [Worker-66: Building] INFO  o.e.m.c.i.e.AbstractTransferListenerAdapter - Downloaded https://repo.maven.apache.org/maven2/org/springframework/cloud/spring-cloud-commons-dependencies/4.3.0/spring-cloud-commons-dependencies-4.3.0.pom
2026-08-04 14:51:18,676 [Worker-66: Building] INFO  o.e.m.c.i.e.AbstractTransferListenerAdapter - Downloading https://repo.maven.apache.org/maven2/org/springframework/cloud/spring-cloud-netflix-dependencies/4.3.0/spring-cloud-netflix-dependencies-4.3.0.pom
2026-08-04 14:51:18,719 [Worker-66: Building] INFO  o.e.m.c.i.e.AbstractTransferListenerAdapter - Downloaded https://repo.maven.apache.org/maven2/org/springframework/cloud/spring-cloud-netflix-dependencies/4.3.0/spring-cloud-netflix-dependencies-4.3.0.pom
2026-08-04 14:51:18,811 [Worker-66: Building] INFO  o.e.m.c.i.e.AbstractTransferListenerAdapter - Downloading https://repo.maven.apache.org/maven2/org/springframework/cloud/spring-cloud-stream-dependencies/4.3.0/spring-cloud-stream-dependencies-4.3.0.pom
2026-08-04 14:51:18,820 [Worker-66: Building] INFO  o.e.m.c.i.e.AbstractTransferListenerAdapter - Downloaded https://repo.maven.apache.org/maven2/org/springframework/cloud/spring-cloud-stream-dependencies/4.3.0/spring-cloud-stream-dependencies-4.3.0.pom
2026-08-04 14:51:18,917 [Worker-66: Building] INFO  o.e.m.c.i.e.AbstractTransferListenerAdapter - Downloading https://repo.maven.apache.org/maven2/org/springframework/cloud/spring-cloud-task-dependencies/3.3.0/spring-cloud-task-dependencies-3.3.0.pom
2026-08-04 14:51:18,937 [Worker-66: Building] INFO  o.e.m.c.i.e.AbstractTransferListenerAdapter - Downloaded https://repo.maven.apache.org/maven2/org/springframework/cloud/spring-cloud-task-dependencies/3.3.0/spring-cloud-task-dependencies-3.3.0.pom
2026-08-04 14:51:19,078 [Worker-66: Building] INFO  o.e.m.c.i.e.AbstractTransferListenerAdapter - Downloading https://repo.maven.apache.org/maven2/org/springframework/cloud/spring-cloud-circuitbreaker-dependencies/3.3.0/spring-cloud-circuitbreaker-dependencies-3.3.0.pom
2026-08-04 14:51:19,119 [Worker-66: Building] INFO  o.e.m.c.i.e.AbstractTransferListenerAdapter - Downloaded https://repo.maven.apache.org/maven2/org/springframework/cloud/spring-cloud-circuitbreaker-dependencies/3.3.0/spring-cloud-circuitbreaker-dependencies-3.3.0.pom
2026-08-04 14:51:19,209 [Worker-66: Building] INFO  o.e.m.c.i.e.AbstractTransferListenerAdapter - Downloading https://repo.maven.apache.org/maven2/io/github/resilience4j/resilience4j-bom/2.2.0/resilience4j-bom-2.2.0.pom
2026-08-04 14:51:19,216 [Worker-66: Building] INFO  o.e.m.c.i.e.AbstractTransferListenerAdapter - Downloaded https://repo.maven.apache.org/maven2/io/github/resilience4j/resilience4j-bom/2.2.0/resilience4j-bom-2.2.0.pom
2026-08-04 14:51:19,342 [Worker-66: Building] INFO  o.e.m.c.i.e.AbstractTransferListenerAdapter - Downloading https://repo.maven.apache.org/maven2/org/springframework/cloud/spring-cloud-config-dependencies/4.3.0/spring-cloud-config-dependencies-4.3.0.pom
2026-08-04 14:51:19,348 [Worker-66: Building] INFO  o.e.m.c.i.e.AbstractTransferListenerAdapter - Downloaded https://repo.maven.apache.org/maven2/org/springframework/cloud/spring-cloud-config-dependencies/4.3.0/spring-cloud-config-dependencies-4.3.0.pom
2026-08-04 14:51:19,462 [Worker-66: Building] INFO  o.e.m.c.i.e.AbstractTransferListenerAdapter - Downloading https://repo.maven.apache.org/maven2/org/springframework/cloud/spring-cloud-function-dependencies/4.3.0/spring-cloud-function-dependencies-4.3.0.pom
2026-08-04 14:51:19,467 [Worker-66: Building] INFO  o.e.m.c.i.e.AbstractTransferListenerAdapter - Downloaded https://repo.maven.apache.org/maven2/org/springframework/cloud/spring-cloud-function-dependencies/4.3.0/spring-cloud-function-dependencies-4.3.0.pom
2026-08-04 14:51:19,586 [Worker-66: Building] INFO  o.e.m.c.i.e.AbstractTransferListenerAdapter - Downloading https://repo.maven.apache.org/maven2/org/springframework/cloud/spring-cloud-gateway-dependencies/4.3.0/spring-cloud-gateway-dependencies-4.3.0.pom
2026-08-04 14:51:19,626 [Worker-66: Building] INFO  o.e.m.c.i.e.AbstractTransferListenerAdapter - Downloaded https://repo.maven.apache.org/maven2/org/springframework/cloud/spring-cloud-gateway-dependencies/4.3.0/spring-cloud-gateway-dependencies-4.3.0.pom
2026-08-04 14:51:19,720 [Worker-66: Building] INFO  o.e.m.c.i.e.AbstractTransferListenerAdapter - Downloading https://repo.maven.apache.org/maven2/org/springframework/cloud/spring-cloud-consul-dependencies/4.3.0/spring-cloud-consul-dependencies-4.3.0.pom
2026-08-04 14:51:19,726 [Worker-66: Building] INFO  o.e.m.c.i.e.AbstractTransferListenerAdapter - Downloaded https://repo.maven.apache.org/maven2/org/springframework/cloud/spring-cloud-consul-dependencies/4.3.0/spring-cloud-consul-dependencies-4.3.0.pom
2026-08-04 14:51:19,811 [Worker-66: Building] INFO  o.e.m.c.i.e.AbstractTransferListenerAdapter - Downloading https://repo.maven.apache.org/maven2/org/springframework/cloud/spring-cloud-vault-dependencies/4.3.0/spring-cloud-vault-dependencies-4.3.0.pom
2026-08-04 14:51:19,814 [Worker-66: Building] INFO  o.e.m.c.i.e.AbstractTransferListenerAdapter - Downloaded https://repo.maven.apache.org/maven2/org/springframework/cloud/spring-cloud-vault-dependencies/4.3.0/spring-cloud-vault-dependencies-4.3.0.pom
2026-08-04 14:51:19,901 [Worker-66: Building] INFO  o.e.m.c.i.e.AbstractTransferListenerAdapter - Downloading https://repo.maven.apache.org/maven2/org/springframework/cloud/spring-cloud-zookeeper-dependencies/4.3.0/spring-cloud-zookeeper-dependencies-4.3.0.pom
2026-08-04 14:51:19,905 [Worker-66: Building] INFO  o.e.m.c.i.e.AbstractTransferListenerAdapter - Downloaded https://repo.maven.apache.org/maven2/org/springframework/cloud/spring-cloud-zookeeper-dependencies/4.3.0/spring-cloud-zookeeper-dependencies-4.3.0.pom
2026-08-04 14:51:20,048 [Worker-66: Building] INFO  o.e.m.c.i.e.AbstractTransferListenerAdapter - Downloading https://repo.maven.apache.org/maven2/org/springframework/cloud/spring-cloud-bus-dependencies/4.3.0/spring-cloud-bus-dependencies-4.3.0.pom
2026-08-04 14:51:20,062 [Worker-66: Building] INFO  o.e.m.c.i.e.AbstractTransferListenerAdapter - Downloaded https://repo.maven.apache.org/maven2/org/springframework/cloud/spring-cloud-bus-dependencies/4.3.0/spring-cloud-bus-dependencies-4.3.0.pom
2026-08-04 14:51:20,170 [Worker-66: Building] INFO  o.e.m.c.i.e.AbstractTransferListenerAdapter - Downloading https://repo.maven.apache.org/maven2/org/springframework/cloud/spring-cloud-contract-dependencies/4.3.0/spring-cloud-contract-dependencies-4.3.0.pom
2026-08-04 14:51:20,202 [Worker-66: Building] INFO  o.e.m.c.i.e.AbstractTransferListenerAdapter - Downloaded https://repo.maven.apache.org/maven2/org/springframework/cloud/spring-cloud-contract-dependencies/4.3.0/spring-cloud-contract-dependencies-4.3.0.pom
2026-08-04 14:51:20,300 [Worker-66: Building] INFO  o.e.m.c.i.e.AbstractTransferListenerAdapter - Downloading https://repo.maven.apache.org/maven2/org/springframework/cloud/spring-cloud-openfeign-dependencies/4.3.0/spring-cloud-openfeign-dependencies-4.3.0.pom
2026-08-04 14:51:20,308 [Worker-66: Building] INFO  o.e.m.c.i.e.AbstractTransferListenerAdapter - Downloaded https://repo.maven.apache.org/maven2/org/springframework/cloud/spring-cloud-openfeign-dependencies/4.3.0/spring-cloud-openfeign-dependencies-4.3.0.pom
2026-08-04 14:51:20,399 [Worker-66: Building] INFO  o.e.m.c.i.e.AbstractTransferListenerAdapter - Downloading https://repo.maven.apache.org/maven2/io/github/openfeign/feign-bom/13.6/feign-bom-13.6.pom
2026-08-04 14:51:20,403 [Worker-66: Building] INFO  o.e.m.c.i.e.AbstractTransferListenerAdapter - Downloaded https://repo.maven.apache.org/maven2/io/github/openfeign/feign-bom/13.6/feign-bom-13.6.pom
2026-08-04 14:51:20,521 [Worker-66: Building] INFO  o.e.m.c.i.e.AbstractTransferListenerAdapter - Downloading https://repo.maven.apache.org/maven2/org/springframework/cloud/spring-cloud-kubernetes-dependencies/3.3.0/spring-cloud-kubernetes-dependencies-3.3.0.pom
2026-08-04 14:51:20,542 [Worker-66: Building] INFO  o.e.m.c.i.e.AbstractTransferListenerAdapter - Downloaded https://repo.maven.apache.org/maven2/org/springframework/cloud/spring-cloud-kubernetes-dependencies/3.3.0/spring-cloud-kubernetes-dependencies-3.3.0.pom
2026-08-04 14:51:20,675 [Worker-66: Building] INFO  o.e.m.c.i.e.AbstractTransferListenerAdapter - Downloading https://repo.maven.apache.org/maven2/io/fabric8/kubernetes-client-bom/7.3.1/kubernetes-client-bom-7.3.1.pom
2026-08-04 14:51:20,689 [Worker-66: Building] INFO  o.e.m.c.i.e.AbstractTransferListenerAdapter - Downloaded https://repo.maven.apache.org/maven2/io/fabric8/kubernetes-client-bom/7.3.1/kubernetes-client-bom-7.3.1.pom
2026-08-04 14:51:20,794 [Worker-66: Building] INFO  o.e.m.c.i.e.AbstractTransferListenerAdapter - Downloading https://repo.maven.apache.org/maven2/org/apache/activemq/activemq-bom/6.1.7/activemq-bom-6.1.7.pom
2026-08-04 14:51:20,801 [Worker-66: Building] INFO  o.e.m.c.i.e.AbstractTransferListenerAdapter - Downloaded https://repo.maven.apache.org/maven2/org/apache/activemq/activemq-bom/6.1.7/activemq-bom-6.1.7.pom
2026-08-04 14:51:20,922 [Worker-66: Building] INFO  o.e.m.c.i.e.AbstractTransferListenerAdapter - Downloading https://repo.maven.apache.org/maven2/org/apache/activemq/artemis-bom/2.40.0/artemis-bom-2.40.0.pom
2026-08-04 14:51:20,965 [Worker-66: Building] INFO  o.e.m.c.i.e.AbstractTransferListenerAdapter - Downloaded https://repo.maven.apache.org/maven2/org/apache/activemq/artemis-bom/2.40.0/artemis-bom-2.40.0.pom
2026-08-04 14:51:21,101 [Worker-66: Building] INFO  o.e.m.c.i.e.AbstractTransferListenerAdapter - Downloading https://repo.maven.apache.org/maven2/org/apache/activemq/artemis-project/2.40.0/artemis-project-2.40.0.pom
2026-08-04 14:51:21,146 [Worker-66: Building] INFO  o.e.m.c.i.e.AbstractTransferListenerAdapter - Downloaded https://repo.maven.apache.org/maven2/org/apache/activemq/artemis-project/2.40.0/artemis-project-2.40.0.pom
2026-08-04 14:51:21,242 [Worker-66: Building] INFO  o.e.m.c.i.e.AbstractTransferListenerAdapter - Downloading https://repo.maven.apache.org/maven2/org/assertj/assertj-bom/3.27.3/assertj-bom-3.27.3.pom
2026-08-04 14:51:21,250 [Worker-66: Building] INFO  o.e.m.c.i.e.AbstractTransferListenerAdapter - Downloaded https://repo.maven.apache.org/maven2/org/assertj/assertj-bom/3.27.3/assertj-bom-3.27.3.pom
2026-08-04 14:51:21,362 [Worker-66: Building] INFO  o.e.m.c.i.e.AbstractTransferListenerAdapter - Downloading https://repo.maven.apache.org/maven2/io/zipkin/reporter2/zipkin-reporter-bom/3.5.1/zipkin-reporter-bom-3.5.1.pom
2026-08-04 14:51:21,410 [Worker-66: Building] INFO  o.e.m.c.i.e.AbstractTransferListenerAdapter - Downloaded https://repo.maven.apache.org/maven2/io/zipkin/reporter2/zipkin-reporter-bom/3.5.1/zipkin-reporter-bom-3.5.1.pom
2026-08-04 14:51:21,514 [Worker-66: Building] INFO  o.e.m.c.i.e.AbstractTransferListenerAdapter - Downloading https://repo.maven.apache.org/maven2/io/zipkin/brave/brave-bom/6.1.0/brave-bom-6.1.0.pom
2026-08-04 14:51:21,521 [Worker-66: Building] INFO  o.e.m.c.i.e.AbstractTransferListenerAdapter - Downloaded https://repo.maven.apache.org/maven2/io/zipkin/brave/brave-bom/6.1.0/brave-bom-6.1.0.pom
2026-08-04 14:51:21,612 [Worker-66: Building] INFO  o.e.m.c.i.e.AbstractTransferListenerAdapter - Downloading https://repo.maven.apache.org/maven2/org/apache/cassandra/java-driver-bom/4.19.0/java-driver-bom-4.19.0.pom
2026-08-04 14:51:21,622 [Worker-66: Building] INFO  o.e.m.c.i.e.AbstractTransferListenerAdapter - Downloaded https://repo.maven.apache.org/maven2/org/apache/cassandra/java-driver-bom/4.19.0/java-driver-bom-4.19.0.pom
2026-08-04 14:51:21,723 [Worker-66: Building] INFO  o.e.m.c.i.e.AbstractTransferListenerAdapter - Downloading https://repo.maven.apache.org/maven2/org/glassfish/jaxb/jaxb-bom/4.0.5/jaxb-bom-4.0.5.pom
2026-08-04 14:51:21,731 [Worker-66: Building] INFO  o.e.m.c.i.e.AbstractTransferListenerAdapter - Downloaded https://repo.maven.apache.org/maven2/org/glassfish/jaxb/jaxb-bom/4.0.5/jaxb-bom-4.0.5.pom
2026-08-04 14:51:21,836 [Worker-66: Building] INFO  o.e.m.c.i.e.AbstractTransferListenerAdapter - Downloading https://repo.maven.apache.org/maven2/org/infinispan/infinispan-bom/15.2.5.Final/infinispan-bom-15.2.5.Final.pom
2026-08-04 14:51:21,843 [Worker-66: Building] INFO  o.e.m.c.i.e.AbstractTransferListenerAdapter - Downloaded https://repo.maven.apache.org/maven2/org/infinispan/infinispan-bom/15.2.5.Final/infinispan-bom-15.2.5.Final.pom
2026-08-04 14:51:21,977 [Worker-66: Building] INFO  o.e.m.c.i.e.AbstractTransferListenerAdapter - Downloading https://repo.maven.apache.org/maven2/org/infinispan/infinispan-build-configuration-parent/15.2.5.Final/infinispan-build-configuration-parent-15.2.5.Final.pom
2026-08-04 14:51:21,989 [Worker-66: Building] INFO  o.e.m.c.i.e.AbstractTransferListenerAdapter - Downloaded https://repo.maven.apache.org/maven2/org/infinispan/infinispan-build-configuration-parent/15.2.5.Final/infinispan-build-configuration-parent-15.2.5.Final.pom
2026-08-04 14:51:22,180 [Worker-66: Building] INFO  o.e.m.c.i.e.AbstractTransferListenerAdapter - Downloading https://repo.maven.apache.org/maven2/org/glassfish/jersey/jersey-bom/3.1.10/jersey-bom-3.1.10.pom
2026-08-04 14:51:22,193 [Worker-66: Building] INFO  o.e.m.c.i.e.AbstractTransferListenerAdapter - Downloaded https://repo.maven.apache.org/maven2/org/glassfish/jersey/jersey-bom/3.1.10/jersey-bom-3.1.10.pom
2026-08-04 14:51:22,344 [Worker-66: Building] INFO  o.e.m.c.i.e.AbstractTransferListenerAdapter - Downloading https://repo.maven.apache.org/maven2/org/eclipse/jetty/ee10/jetty-ee10-bom/12.0.23/jetty-ee10-bom-12.0.23.pom
2026-08-04 14:51:22,374 [Worker-66: Building] INFO  o.e.m.c.i.e.AbstractTransferListenerAdapter - Downloaded https://repo.maven.apache.org/maven2/org/eclipse/jetty/ee10/jetty-ee10-bom/12.0.23/jetty-ee10-bom-12.0.23.pom
2026-08-04 14:51:22,477 [Worker-66: Building] INFO  o.e.m.c.i.e.AbstractTransferListenerAdapter - Downloading https://repo.maven.apache.org/maven2/org/eclipse/jetty/jetty-bom/12.0.23/jetty-bom-12.0.23.pom
2026-08-04 14:51:22,481 [Worker-66: Building] INFO  o.e.m.c.i.e.AbstractTransferListenerAdapter - Downloaded https://repo.maven.apache.org/maven2/org/eclipse/jetty/jetty-bom/12.0.23/jetty-bom-12.0.23.pom
2026-08-04 14:51:22,585 [Worker-66: Building] INFO  o.e.m.c.i.e.AbstractTransferListenerAdapter - Downloading https://repo.maven.apache.org/maven2/org/jetbrains/kotlin/kotlin-bom/1.9.25/kotlin-bom-1.9.25.pom
2026-08-04 14:51:22,590 [Worker-66: Building] INFO  o.e.m.c.i.e.AbstractTransferListenerAdapter - Downloaded https://repo.maven.apache.org/maven2/org/jetbrains/kotlin/kotlin-bom/1.9.25/kotlin-bom-1.9.25.pom
2026-08-04 14:51:22,678 [Worker-66: Building] INFO  o.e.m.c.i.e.AbstractTransferListenerAdapter - Downloading https://repo.maven.apache.org/maven2/org/jetbrains/kotlinx/kotlinx-coroutines-bom/1.8.1/kotlinx-coroutines-bom-1.8.1.pom
2026-08-04 14:51:22,684 [Worker-66: Building] INFO  o.e.m.c.i.e.AbstractTransferListenerAdapter - Downloaded https://repo.maven.apache.org/maven2/org/jetbrains/kotlinx/kotlinx-coroutines-bom/1.8.1/kotlinx-coroutines-bom-1.8.1.pom
2026-08-04 14:51:22,757 [Worker-66: Building] INFO  o.e.m.c.i.e.AbstractTransferListenerAdapter - Downloading https://repo.maven.apache.org/maven2/org/jetbrains/kotlinx/kotlinx-serialization-bom/1.6.3/kotlinx-serialization-bom-1.6.3.pom
2026-08-04 14:51:22,763 [Worker-66: Building] INFO  o.e.m.c.i.e.AbstractTransferListenerAdapter - Downloaded https://repo.maven.apache.org/maven2/org/jetbrains/kotlinx/kotlinx-serialization-bom/1.6.3/kotlinx-serialization-bom-1.6.3.pom
2026-08-04 14:51:22,862 [Worker-66: Building] INFO  o.e.m.c.i.e.AbstractTransferListenerAdapter - Downloading https://repo.maven.apache.org/maven2/org/apache/logging/log4j/log4j-bom/2.24.3/log4j-bom-2.24.3.pom
2026-08-04 14:51:22,868 [Worker-66: Building] INFO  o.e.m.c.i.e.AbstractTransferListenerAdapter - Downloaded https://repo.maven.apache.org/maven2/org/apache/logging/log4j/log4j-bom/2.24.3/log4j-bom-2.24.3.pom
2026-08-04 14:51:22,963 [Worker-66: Building] INFO  o.e.m.c.i.e.AbstractTransferListenerAdapter - Downloading https://repo.maven.apache.org/maven2/org/apache/logging/logging-parent/11.3.0/logging-parent-11.3.0.pom
2026-08-04 14:51:22,970 [Worker-66: Building] INFO  o.e.m.c.i.e.AbstractTransferListenerAdapter - Downloaded https://repo.maven.apache.org/maven2/org/apache/logging/logging-parent/11.3.0/logging-parent-11.3.0.pom
2026-08-04 14:51:23,090 [Worker-66: Building] INFO  o.e.m.c.i.e.AbstractTransferListenerAdapter - Downloading https://repo.maven.apache.org/maven2/io/micrometer/micrometer-bom/1.15.2/micrometer-bom-1.15.2.pom
2026-08-04 14:51:23,129 [Worker-66: Building] INFO  o.e.m.c.i.e.AbstractTransferListenerAdapter - Downloaded https://repo.maven.apache.org/maven2/io/micrometer/micrometer-bom/1.15.2/micrometer-bom-1.15.2.pom
2026-08-04 14:51:23,210 [Worker-66: Building] INFO  o.e.m.c.i.e.AbstractTransferListenerAdapter - Downloading https://repo.maven.apache.org/maven2/io/micrometer/micrometer-tracing-bom/1.5.2/micrometer-tracing-bom-1.5.2.pom
2026-08-04 14:51:23,215 [Worker-66: Building] INFO  o.e.m.c.i.e.AbstractTransferListenerAdapter - Downloaded https://repo.maven.apache.org/maven2/io/micrometer/micrometer-tracing-bom/1.5.2/micrometer-tracing-bom-1.5.2.pom
2026-08-04 14:51:23,293 [Worker-66: Building] INFO  o.e.m.c.i.e.AbstractTransferListenerAdapter - Downloading https://repo.maven.apache.org/maven2/org/mockito/mockito-bom/5.17.0/mockito-bom-5.17.0.pom
2026-08-04 14:51:23,299 [Worker-66: Building] INFO  o.e.m.c.i.e.AbstractTransferListenerAdapter - Downloaded https://repo.maven.apache.org/maven2/org/mockito/mockito-bom/5.17.0/mockito-bom-5.17.0.pom
2026-08-04 14:51:23,396 [Worker-66: Building] INFO  o.e.m.c.i.e.AbstractTransferListenerAdapter - Downloading https://repo.maven.apache.org/maven2/org/mongodb/mongodb-driver-bom/5.5.1/mongodb-driver-bom-5.5.1.pom
2026-08-04 14:51:23,401 [Worker-66: Building] INFO  o.e.m.c.i.e.AbstractTransferListenerAdapter - Downloaded https://repo.maven.apache.org/maven2/org/mongodb/mongodb-driver-bom/5.5.1/mongodb-driver-bom-5.5.1.pom
2026-08-04 14:51:23,515 [Worker-66: Building] INFO  o.e.m.c.i.e.AbstractTransferListenerAdapter - Downloading https://repo.maven.apache.org/maven2/io/netty/netty-bom/4.1.123.Final/netty-bom-4.1.123.Final.pom
2026-08-04 14:51:23,558 [Worker-66: Building] INFO  o.e.m.c.i.e.AbstractTransferListenerAdapter - Downloaded https://repo.maven.apache.org/maven2/io/netty/netty-bom/4.1.123.Final/netty-bom-4.1.123.Final.pom
2026-08-04 14:51:23,663 [Worker-66: Building] INFO  o.e.m.c.i.e.AbstractTransferListenerAdapter - Downloading https://repo.maven.apache.org/maven2/io/prometheus/prometheus-metrics-bom/1.3.10/prometheus-metrics-bom-1.3.10.pom
2026-08-04 14:51:23,675 [Worker-66: Building] INFO  o.e.m.c.i.e.AbstractTransferListenerAdapter - Downloaded https://repo.maven.apache.org/maven2/io/prometheus/prometheus-metrics-bom/1.3.10/prometheus-metrics-bom-1.3.10.pom
2026-08-04 14:51:23,766 [Worker-66: Building] INFO  o.e.m.c.i.e.AbstractTransferListenerAdapter - Downloading https://repo.maven.apache.org/maven2/io/prometheus/client_java_parent/1.3.10/client_java_parent-1.3.10.pom
2026-08-04 14:51:23,773 [Worker-66: Building] INFO  o.e.m.c.i.e.AbstractTransferListenerAdapter - Downloaded https://repo.maven.apache.org/maven2/io/prometheus/client_java_parent/1.3.10/client_java_parent-1.3.10.pom
2026-08-04 14:51:23,870 [Worker-66: Building] INFO  o.e.m.c.i.e.AbstractTransferListenerAdapter - Downloading https://repo.maven.apache.org/maven2/org/apache/pulsar/pulsar-bom/4.0.5/pulsar-bom-4.0.5.pom
2026-08-04 14:51:23,879 [Worker-66: Building] INFO  o.e.m.c.i.e.AbstractTransferListenerAdapter - Downloaded https://repo.maven.apache.org/maven2/org/apache/pulsar/pulsar-bom/4.0.5/pulsar-bom-4.0.5.pom
2026-08-04 14:51:24,008 [Worker-66: Building] INFO  o.e.m.c.i.e.AbstractTransferListenerAdapter - Downloading https://repo.maven.apache.org/maven2/org/apache/pulsar/pulsar-client-reactive-bom/0.6.0/pulsar-client-reactive-bom-0.6.0.pom
2026-08-04 14:51:24,012 [Worker-66: Building] INFO  o.e.m.c.i.e.AbstractTransferListenerAdapter - Downloaded https://repo.maven.apache.org/maven2/org/apache/pulsar/pulsar-client-reactive-bom/0.6.0/pulsar-client-reactive-bom-0.6.0.pom
2026-08-04 14:51:24,092 [Worker-66: Building] INFO  o.e.m.c.i.e.AbstractTransferListenerAdapter - Downloading https://repo.maven.apache.org/maven2/io/projectreactor/reactor-bom/2024.0.8/reactor-bom-2024.0.8.pom
2026-08-04 14:51:24,096 [Worker-66: Building] INFO  o.e.m.c.i.e.AbstractTransferListenerAdapter - Downloaded https://repo.maven.apache.org/maven2/io/projectreactor/reactor-bom/2024.0.8/reactor-bom-2024.0.8.pom
2026-08-04 14:51:24,172 [Worker-66: Building] INFO  o.e.m.c.i.e.AbstractTransferListenerAdapter - Downloading https://repo.maven.apache.org/maven2/io/rest-assured/rest-assured-bom/5.5.5/rest-assured-bom-5.5.5.pom
2026-08-04 14:51:24,177 [Worker-66: Building] INFO  o.e.m.c.i.e.AbstractTransferListenerAdapter - Downloaded https://repo.maven.apache.org/maven2/io/rest-assured/rest-assured-bom/5.5.5/rest-assured-bom-5.5.5.pom
2026-08-04 14:51:24,266 [Worker-66: Building] INFO  o.e.m.c.i.e.AbstractTransferListenerAdapter - Downloading https://repo.maven.apache.org/maven2/org/seleniumhq/selenium/selenium-bom/4.31.0/selenium-bom-4.31.0.pom
2026-08-04 14:51:24,276 [Worker-66: Building] INFO  o.e.m.c.i.e.AbstractTransferListenerAdapter - Downloaded https://repo.maven.apache.org/maven2/org/seleniumhq/selenium/selenium-bom/4.31.0/selenium-bom-4.31.0.pom
2026-08-04 14:51:24,364 [Worker-66: Building] INFO  o.e.m.c.i.e.AbstractTransferListenerAdapter - Downloading https://repo.maven.apache.org/maven2/org/springframework/amqp/spring-amqp-bom/3.2.6/spring-amqp-bom-3.2.6.pom
2026-08-04 14:51:24,374 [Worker-66: Building] INFO  o.e.m.c.i.e.AbstractTransferListenerAdapter - Downloaded https://repo.maven.apache.org/maven2/org/springframework/amqp/spring-amqp-bom/3.2.6/spring-amqp-bom-3.2.6.pom
2026-08-04 14:51:24,461 [Worker-66: Building] INFO  o.e.m.c.i.e.AbstractTransferListenerAdapter - Downloading https://repo.maven.apache.org/maven2/org/springframework/batch/spring-batch-bom/5.2.2/spring-batch-bom-5.2.2.pom
2026-08-04 14:51:24,470 [Worker-66: Building] INFO  o.e.m.c.i.e.AbstractTransferListenerAdapter - Downloaded https://repo.maven.apache.org/maven2/org/springframework/batch/spring-batch-bom/5.2.2/spring-batch-bom-5.2.2.pom
2026-08-04 14:51:24,552 [Worker-66: Building] INFO  o.e.m.c.i.e.AbstractTransferListenerAdapter - Downloading https://repo.maven.apache.org/maven2/org/springframework/data/spring-data-bom/2025.0.2/spring-data-bom-2025.0.2.pom
2026-08-04 14:51:24,555 [Worker-66: Building] INFO  o.e.m.c.i.e.AbstractTransferListenerAdapter - Downloaded https://repo.maven.apache.org/maven2/org/springframework/data/spring-data-bom/2025.0.2/spring-data-bom-2025.0.2.pom
2026-08-04 14:51:24,663 [Worker-66: Building] INFO  o.e.m.c.i.e.AbstractTransferListenerAdapter - Downloading https://repo.maven.apache.org/maven2/org/springframework/spring-framework-bom/6.2.9/spring-framework-bom-6.2.9.pom
2026-08-04 14:51:24,712 [Worker-66: Building] INFO  o.e.m.c.i.e.AbstractTransferListenerAdapter - Downloaded https://repo.maven.apache.org/maven2/org/springframework/spring-framework-bom/6.2.9/spring-framework-bom-6.2.9.pom
2026-08-04 14:51:24,792 [Worker-66: Building] INFO  o.e.m.c.i.e.AbstractTransferListenerAdapter - Downloading https://repo.maven.apache.org/maven2/org/springframework/integration/spring-integration-bom/6.5.1/spring-integration-bom-6.5.1.pom
2026-08-04 14:51:24,798 [Worker-66: Building] INFO  o.e.m.c.i.e.AbstractTransferListenerAdapter - Downloaded https://repo.maven.apache.org/maven2/org/springframework/integration/spring-integration-bom/6.5.1/spring-integration-bom-6.5.1.pom
2026-08-04 14:51:24,893 [Worker-66: Building] INFO  o.e.m.c.i.e.AbstractTransferListenerAdapter - Downloading https://repo.maven.apache.org/maven2/org/springframework/pulsar/spring-pulsar-bom/1.2.8/spring-pulsar-bom-1.2.8.pom
2026-08-04 14:51:24,900 [Worker-66: Building] INFO  o.e.m.c.i.e.AbstractTransferListenerAdapter - Downloaded https://repo.maven.apache.org/maven2/org/springframework/pulsar/spring-pulsar-bom/1.2.8/spring-pulsar-bom-1.2.8.pom
2026-08-04 14:51:25,010 [Worker-66: Building] INFO  o.e.m.c.i.e.AbstractTransferListenerAdapter - Downloading https://repo.maven.apache.org/maven2/org/springframework/restdocs/spring-restdocs-bom/3.0.4/spring-restdocs-bom-3.0.4.pom
2026-08-04 14:51:25,014 [Worker-66: Building] INFO  o.e.m.c.i.e.AbstractTransferListenerAdapter - Downloaded https://repo.maven.apache.org/maven2/org/springframework/restdocs/spring-restdocs-bom/3.0.4/spring-restdocs-bom-3.0.4.pom
2026-08-04 14:51:25,102 [Worker-66: Building] INFO  o.e.m.c.i.e.AbstractTransferListenerAdapter - Downloading https://repo.maven.apache.org/maven2/org/springframework/security/spring-security-bom/6.5.2/spring-security-bom-6.5.2.pom
2026-08-04 14:51:25,108 [Worker-66: Building] INFO  o.e.m.c.i.e.AbstractTransferListenerAdapter - Downloaded https://repo.maven.apache.org/maven2/org/springframework/security/spring-security-bom/6.5.2/spring-security-bom-6.5.2.pom
2026-08-04 14:51:25,205 [Worker-66: Building] INFO  o.e.m.c.i.e.AbstractTransferListenerAdapter - Downloading https://repo.maven.apache.org/maven2/org/springframework/session/spring-session-bom/3.5.1/spring-session-bom-3.5.1.pom
2026-08-04 14:51:25,212 [Worker-66: Building] INFO  o.e.m.c.i.e.AbstractTransferListenerAdapter - Downloaded https://repo.maven.apache.org/maven2/org/springframework/session/spring-session-bom/3.5.1/spring-session-bom-3.5.1.pom
2026-08-04 14:51:25,296 [Worker-66: Building] INFO  o.e.m.c.i.e.AbstractTransferListenerAdapter - Downloading https://repo.maven.apache.org/maven2/org/springframework/ws/spring-ws-bom/4.1.1/spring-ws-bom-4.1.1.pom
2026-08-04 14:51:25,304 [Worker-66: Building] INFO  o.e.m.c.i.e.AbstractTransferListenerAdapter - Downloaded https://repo.maven.apache.org/maven2/org/springframework/ws/spring-ws-bom/4.1.1/spring-ws-bom-4.1.1.pom
2026-08-04 14:51:25,388 [Worker-66: Building] INFO  o.e.m.c.i.e.AbstractTransferListenerAdapter - Downloading https://repo.maven.apache.org/maven2/org/testcontainers/testcontainers-bom/1.21.3/testcontainers-bom-1.21.3.pom
2026-08-04 14:51:25,393 [Worker-66: Building] INFO  o.e.m.c.i.e.AbstractTransferListenerAdapter - Downloaded https://repo.maven.apache.org/maven2/org/testcontainers/testcontainers-bom/1.21.3/testcontainers-bom-1.21.3.pom
2026-08-04 14:51:25,728 [Worker-66: Building] INFO  o.e.m.c.i.e.AbstractTransferListenerAdapter - Downloading https://repo.maven.apache.org/maven2/org/springframework/boot/spring-boot-maven-plugin/3.5.4/spring-boot-maven-plugin-3.5.4.pom
2026-08-04 14:51:25,732 [Worker-66: Building] INFO  o.e.m.c.i.e.AbstractTransferListenerAdapter - Downloaded https://repo.maven.apache.org/maven2/org/springframework/boot/spring-boot-maven-plugin/3.5.4/spring-boot-maven-plugin-3.5.4.pom
2026-08-04 14:51:25,834 [Worker-66: Building] INFO  o.e.m.c.i.e.AbstractTransferListenerAdapter - Downloading https://repo.maven.apache.org/maven2/org/springframework/boot/spring-boot-maven-plugin/3.5.4/spring-boot-maven-plugin-3.5.4.jar
2026-08-04 14:51:25,932 [Worker-66: Building] INFO  o.e.m.c.i.e.AbstractTransferListenerAdapter - Downloaded https://repo.maven.apache.org/maven2/org/springframework/boot/spring-boot-maven-plugin/3.5.4/spring-boot-maven-plugin-3.5.4.jar
2026-08-04 14:51:26,045 [Worker-66: Building] INFO  o.e.m.c.i.e.AbstractTransferListenerAdapter - Downloading https://repo.maven.apache.org/maven2/org/apache/maven/plugins/maven-clean-plugin/3.4.1/maven-clean-plugin-3.4.1.jar
2026-08-04 14:51:26,090 [Worker-66: Building] INFO  o.e.m.c.i.e.AbstractTransferListenerAdapter - Downloaded https://repo.maven.apache.org/maven2/org/apache/maven/plugins/maven-clean-plugin/3.4.1/maven-clean-plugin-3.4.1.jar
2026-08-04 14:51:26,197 [Worker-66: Building] INFO  o.e.m.c.i.e.AbstractTransferListenerAdapter - Downloading https://repo.maven.apache.org/maven2/org/apache/maven/plugins/maven-compiler-plugin/3.14.0/maven-compiler-plugin-3.14.0.jar
2026-08-04 14:51:26,300 [Worker-66: Building] INFO  o.e.m.c.i.e.AbstractTransferListenerAdapter - Downloaded https://repo.maven.apache.org/maven2/org/apache/maven/plugins/maven-compiler-plugin/3.14.0/maven-compiler-plugin-3.14.0.jar
2026-08-04 14:51:26,440 [Worker-66: Building] INFO  o.e.m.c.i.e.AbstractTransferListenerAdapter - Downloading https://repo.maven.apache.org/maven2/org/apache/maven/plugins/maven-surefire-plugin/3.5.3/maven-surefire-plugin-3.5.3.jar
2026-08-04 14:51:26,459 [Worker-66: Building] INFO  o.e.m.c.i.e.AbstractTransferListenerAdapter - Downloaded https://repo.maven.apache.org/maven2/org/apache/maven/plugins/maven-surefire-plugin/3.5.3/maven-surefire-plugin-3.5.3.jar
2026-08-04 14:51:26,575 [Worker-66: Building] INFO  o.e.m.c.i.e.AbstractTransferListenerAdapter - Downloading https://repo.maven.apache.org/maven2/org/apache/maven/plugins/maven-compiler-plugin/3.14.0/maven-compiler-plugin-3.14.0.pom
2026-08-04 14:51:26,578 [Worker-66: Building] INFO  o.e.m.c.i.e.AbstractTransferListenerAdapter - Downloaded https://repo.maven.apache.org/maven2/org/apache/maven/plugins/maven-compiler-plugin/3.14.0/maven-compiler-plugin-3.14.0.pom
2026-08-04 14:51:26,792 [Worker-66: Building] INFO  o.e.m.c.i.e.AbstractTransferListenerAdapter - Downloading https://repo.maven.apache.org/maven2/org/codehaus/plexus/plexus-java/1.4.0/plexus-java-1.4.0.pom
2026-08-04 14:51:26,807 [Worker-66: Building] INFO  o.e.m.c.i.e.AbstractTransferListenerAdapter - Downloaded https://repo.maven.apache.org/maven2/org/codehaus/plexus/plexus-java/1.4.0/plexus-java-1.4.0.pom
2026-08-04 14:51:26,897 [Worker-66: Building] INFO  o.e.m.c.i.e.AbstractTransferListenerAdapter - Downloading https://repo.maven.apache.org/maven2/org/codehaus/plexus/plexus-languages/1.4.0/plexus-languages-1.4.0.pom
2026-08-04 14:51:26,901 [Worker-66: Building] INFO  o.e.m.c.i.e.AbstractTransferListenerAdapter - Downloaded https://repo.maven.apache.org/maven2/org/codehaus/plexus/plexus-languages/1.4.0/plexus-languages-1.4.0.pom
2026-08-04 14:51:27,058 [Worker-66: Building] INFO  o.e.m.c.i.e.AbstractTransferListenerAdapter - Downloading https://repo.maven.apache.org/maven2/org/codehaus/plexus/plexus-java/1.4.0/plexus-java-1.4.0.jar
2026-08-04 14:51:27,118 [Worker-66: Building] INFO  o.e.m.c.i.e.AbstractTransferListenerAdapter - Downloaded https://repo.maven.apache.org/maven2/org/codehaus/plexus/plexus-java/1.4.0/plexus-java-1.4.0.jar
2026-08-04 14:51:27,275 [Worker-66: Building] INFO  o.e.m.c.i.l.LifecycleMappingFactory - Using org.eclipse.m2e.jdt.JarLifecycleMapping lifecycle mapping for MavenProject: com.edutrack:eureka-server:0.0.1-SNAPSHOT @ D:\EduTrack\backend\eureka-server\pom.xml.
2026-08-04 14:51:27,378 [Worker-66: Building] INFO  o.e.m.c.i.e.AbstractTransferListenerAdapter - Downloading https://repo.maven.apache.org/maven2/org/springframework/cloud/spring-cloud-starter-netflix-eureka-server/4.3.0/spring-cloud-starter-netflix-eureka-server-4.3.0.pom
2026-08-04 14:51:27,428 [Worker-66: Building] INFO  o.e.m.c.i.e.AbstractTransferListenerAdapter - Downloaded https://repo.maven.apache.org/maven2/org/springframework/cloud/spring-cloud-starter-netflix-eureka-server/4.3.0/spring-cloud-starter-netflix-eureka-server-4.3.0.pom
2026-08-04 14:51:27,874 [Worker-66: Building] INFO  o.e.m.c.i.e.AbstractTransferListenerAdapter - Downloading https://repo.maven.apache.org/maven2/org/springframework/cloud/spring-cloud-netflix/4.3.0/spring-cloud-netflix-4.3.0.pom
2026-08-04 14:51:27,879 [Worker-66: Building] INFO  o.e.m.c.i.e.AbstractTransferListenerAdapter - Downloaded https://repo.maven.apache.org/maven2/org/springframework/cloud/spring-cloud-netflix/4.3.0/spring-cloud-netflix-4.3.0.pom
2026-08-04 14:51:34,647 [Worker-66: Building] INFO  o.e.m.c.i.e.AbstractTransferListenerAdapter - Downloading https://repo.maven.apache.org/maven2/org/springframework/cloud/spring-cloud-build/4.3.0/spring-cloud-build-4.3.0.pom
2026-08-04 14:51:34,659 [Worker-66: Building] INFO  o.e.m.c.i.e.AbstractTransferListenerAdapter - Downloaded https://repo.maven.apache.org/maven2/org/springframework/cloud/spring-cloud-build/4.3.0/spring-cloud-build-4.3.0.pom
2026-08-04 14:51:34,766 [Worker-66: Building] INFO  o.e.m.c.i.e.AbstractTransferListenerAdapter - Downloading https://repo.maven.apache.org/maven2/org/springframework/cloud/spring-cloud-build-dependencies/4.3.0/spring-cloud-build-dependencies-4.3.0.pom
2026-08-04 14:51:34,774 [Worker-66: Building] INFO  o.e.m.c.i.e.AbstractTransferListenerAdapter - Downloaded https://repo.maven.apache.org/maven2/org/springframework/cloud/spring-cloud-build-dependencies/4.3.0/spring-cloud-build-dependencies-4.3.0.pom
2026-08-04 14:51:34,854 [Worker-66: Building] INFO  o.e.m.c.i.e.AbstractTransferListenerAdapter - Downloading https://repo.maven.apache.org/maven2/org/springframework/boot/spring-boot-dependencies/3.5.0/spring-boot-dependencies-3.5.0.pom
2026-08-04 14:51:34,863 [Worker-66: Building] INFO  o.e.m.c.i.e.AbstractTransferListenerAdapter - Downloaded https://repo.maven.apache.org/maven2/org/springframework/boot/spring-boot-dependencies/3.5.0/spring-boot-dependencies-3.5.0.pom
2026-08-04 14:51:35,010 [Worker-66: Building] INFO  o.e.m.c.i.e.AbstractTransferListenerAdapter - Downloading https://repo.maven.apache.org/maven2/org/apache/activemq/activemq-bom/6.1.6/activemq-bom-6.1.6.pom
2026-08-04 14:51:35,027 [Worker-66: Building] INFO  o.e.m.c.i.e.AbstractTransferListenerAdapter - Downloaded https://repo.maven.apache.org/maven2/org/apache/activemq/activemq-bom/6.1.6/activemq-bom-6.1.6.pom
2026-08-04 14:51:35,114 [Worker-66: Building] INFO  o.e.m.c.i.e.AbstractTransferListenerAdapter - Downloading https://repo.maven.apache.org/maven2/io/zipkin/reporter2/zipkin-reporter-bom/3.5.0/zipkin-reporter-bom-3.5.0.pom
2026-08-04 14:51:35,124 [Worker-66: Building] INFO  o.e.m.c.i.e.AbstractTransferListenerAdapter - Downloaded https://repo.maven.apache.org/maven2/io/zipkin/reporter2/zipkin-reporter-bom/3.5.0/zipkin-reporter-bom-3.5.0.pom
2026-08-04 14:51:35,255 [Worker-66: Building] INFO  o.e.m.c.i.e.AbstractTransferListenerAdapter - Downloading https://repo.maven.apache.org/maven2/org/apache/groovy/groovy-bom/4.0.26/groovy-bom-4.0.26.pom
2026-08-04 14:51:35,270 [Worker-66: Building] INFO  o.e.m.c.i.e.AbstractTransferListenerAdapter - Downloaded https://repo.maven.apache.org/maven2/org/apache/groovy/groovy-bom/4.0.26/groovy-bom-4.0.26.pom
2026-08-04 14:51:35,413 [Worker-66: Building] INFO  o.e.m.c.i.e.AbstractTransferListenerAdapter - Downloading https://repo.maven.apache.org/maven2/org/infinispan/infinispan-bom/15.2.1.Final/infinispan-bom-15.2.1.Final.pom
2026-08-04 14:51:35,427 [Worker-66: Building] INFO  o.e.m.c.i.e.AbstractTransferListenerAdapter - Downloaded https://repo.maven.apache.org/maven2/org/infinispan/infinispan-bom/15.2.1.Final/infinispan-bom-15.2.1.Final.pom
2026-08-04 14:51:35,584 [Worker-66: Building] INFO  o.e.m.c.i.e.AbstractTransferListenerAdapter - Downloading https://repo.maven.apache.org/maven2/org/infinispan/infinispan-build-configuration-parent/15.2.1.Final/infinispan-build-configuration-parent-15.2.1.Final.pom
2026-08-04 14:51:35,599 [Worker-66: Building] INFO  o.e.m.c.i.e.AbstractTransferListenerAdapter - Downloaded https://repo.maven.apache.org/maven2/org/infinispan/infinispan-build-configuration-parent/15.2.1.Final/infinispan-build-configuration-parent-15.2.1.Final.pom
2026-08-04 14:51:35,695 [Worker-66: Building] INFO  o.e.m.c.i.e.AbstractTransferListenerAdapter - Downloading https://repo.maven.apache.org/maven2/com/fasterxml/jackson/jackson-bom/2.19.0/jackson-bom-2.19.0.pom
2026-08-04 14:51:35,700 [Worker-66: Building] INFO  o.e.m.c.i.e.AbstractTransferListenerAdapter - Downloaded https://repo.maven.apache.org/maven2/com/fasterxml/jackson/jackson-bom/2.19.0/jackson-bom-2.19.0.pom
2026-08-04 14:51:35,821 [Worker-66: Building] INFO  o.e.m.c.i.e.AbstractTransferListenerAdapter - Downloading https://repo.maven.apache.org/maven2/com/fasterxml/jackson/jackson-parent/2.19/jackson-parent-2.19.pom
2026-08-04 14:51:35,862 [Worker-66: Building] INFO  o.e.m.c.i.e.AbstractTransferListenerAdapter - Downloaded https://repo.maven.apache.org/maven2/com/fasterxml/jackson/jackson-parent/2.19/jackson-parent-2.19.pom
2026-08-04 14:51:36,005 [Worker-66: Building] INFO  o.e.m.c.i.e.AbstractTransferListenerAdapter - Downloading https://repo.maven.apache.org/maven2/com/fasterxml/oss-parent/65/oss-parent-65.pom
2026-08-04 14:51:36,020 [Worker-66: Building] INFO  o.e.m.c.i.e.AbstractTransferListenerAdapter - Downloaded https://repo.maven.apache.org/maven2/com/fasterxml/oss-parent/65/oss-parent-65.pom
2026-08-04 14:51:36,139 [Worker-66: Building] INFO  o.e.m.c.i.e.AbstractTransferListenerAdapter - Downloading https://repo.maven.apache.org/maven2/org/eclipse/jetty/ee10/jetty-ee10-bom/12.0.21/jetty-ee10-bom-12.0.21.pom
2026-08-04 14:51:36,186 [Worker-66: Building] INFO  o.e.m.c.i.e.AbstractTransferListenerAdapter - Downloaded https://repo.maven.apache.org/maven2/org/eclipse/jetty/ee10/jetty-ee10-bom/12.0.21/jetty-ee10-bom-12.0.21.pom
2026-08-04 14:51:36,290 [Worker-66: Building] INFO  o.e.m.c.i.e.AbstractTransferListenerAdapter - Downloading https://repo.maven.apache.org/maven2/org/eclipse/jetty/jetty-bom/12.0.21/jetty-bom-12.0.21.pom
2026-08-04 14:51:36,333 [Worker-66: Building] INFO  o.e.m.c.i.e.AbstractTransferListenerAdapter - Downloaded https://repo.maven.apache.org/maven2/org/eclipse/jetty/jetty-bom/12.0.21/jetty-bom-12.0.21.pom
2026-08-04 14:51:36,432 [Worker-66: Building] INFO  o.e.m.c.i.e.AbstractTransferListenerAdapter - Downloading https://repo.maven.apache.org/maven2/io/micrometer/micrometer-bom/1.15.0/micrometer-bom-1.15.0.pom
2026-08-04 14:51:36,437 [Worker-66: Building] INFO  o.e.m.c.i.e.AbstractTransferListenerAdapter - Downloaded https://repo.maven.apache.org/maven2/io/micrometer/micrometer-bom/1.15.0/micrometer-bom-1.15.0.pom
2026-08-04 14:51:36,525 [Worker-66: Building] INFO  o.e.m.c.i.e.AbstractTransferListenerAdapter - Downloading https://repo.maven.apache.org/maven2/io/micrometer/micrometer-tracing-bom/1.5.0/micrometer-tracing-bom-1.5.0.pom
2026-08-04 14:51:36,531 [Worker-66: Building] INFO  o.e.m.c.i.e.AbstractTransferListenerAdapter - Downloaded https://repo.maven.apache.org/maven2/io/micrometer/micrometer-tracing-bom/1.5.0/micrometer-tracing-bom-1.5.0.pom
2026-08-04 14:51:36,615 [Worker-66: Building] INFO  o.e.m.c.i.e.AbstractTransferListenerAdapter - Downloading https://repo.maven.apache.org/maven2/org/mongodb/mongodb-driver-bom/5.4.0/mongodb-driver-bom-5.4.0.pom
2026-08-04 14:51:36,621 [Worker-66: Building] INFO  o.e.m.c.i.e.AbstractTransferListenerAdapter - Downloaded https://repo.maven.apache.org/maven2/org/mongodb/mongodb-driver-bom/5.4.0/mongodb-driver-bom-5.4.0.pom
2026-08-04 14:51:36,712 [Worker-66: Building] INFO  o.e.m.c.i.e.AbstractTransferListenerAdapter - Downloading https://repo.maven.apache.org/maven2/io/netty/netty-bom/4.1.121.Final/netty-bom-4.1.121.Final.pom
2026-08-04 14:51:36,723 [Worker-66: Building] INFO  o.e.m.c.i.e.AbstractTransferListenerAdapter - Downloaded https://repo.maven.apache.org/maven2/io/netty/netty-bom/4.1.121.Final/netty-bom-4.1.121.Final.pom
2026-08-04 14:51:36,834 [Worker-66: Building] INFO  o.e.m.c.i.e.AbstractTransferListenerAdapter - Downloading https://repo.maven.apache.org/maven2/io/prometheus/prometheus-metrics-bom/1.3.6/prometheus-metrics-bom-1.3.6.pom
2026-08-04 14:51:36,879 [Worker-66: Building] INFO  o.e.m.c.i.e.AbstractTransferListenerAdapter - Downloaded https://repo.maven.apache.org/maven2/io/prometheus/prometheus-metrics-bom/1.3.6/prometheus-metrics-bom-1.3.6.pom
2026-08-04 14:51:36,986 [Worker-66: Building] INFO  o.e.m.c.i.e.AbstractTransferListenerAdapter - Downloading https://repo.maven.apache.org/maven2/io/prometheus/client_java/1.3.6/client_java-1.3.6.pom
2026-08-04 14:51:36,993 [Worker-66: Building] INFO  o.e.m.c.i.e.AbstractTransferListenerAdapter - Downloaded https://repo.maven.apache.org/maven2/io/prometheus/client_java/1.3.6/client_java-1.3.6.pom
2026-08-04 14:51:37,134 [Worker-66: Building] INFO  o.e.m.c.i.e.AbstractTransferListenerAdapter - Downloading https://repo.maven.apache.org/maven2/org/apache/pulsar/pulsar-bom/4.0.4/pulsar-bom-4.0.4.pom
2026-08-04 14:51:37,147 [Worker-66: Building] INFO  o.e.m.c.i.e.AbstractTransferListenerAdapter - Downloaded https://repo.maven.apache.org/maven2/org/apache/pulsar/pulsar-bom/4.0.4/pulsar-bom-4.0.4.pom
2026-08-04 14:51:37,237 [Worker-66: Building] INFO  o.e.m.c.i.e.AbstractTransferListenerAdapter - Downloading https://repo.maven.apache.org/maven2/io/projectreactor/reactor-bom/2024.0.6/reactor-bom-2024.0.6.pom
2026-08-04 14:51:37,242 [Worker-66: Building] INFO  o.e.m.c.i.e.AbstractTransferListenerAdapter - Downloaded https://repo.maven.apache.org/maven2/io/projectreactor/reactor-bom/2024.0.6/reactor-bom-2024.0.6.pom
2026-08-04 14:51:37,347 [Worker-66: Building] INFO  o.e.m.c.i.e.AbstractTransferListenerAdapter - Downloading https://repo.maven.apache.org/maven2/io/rest-assured/rest-assured-bom/5.5.2/rest-assured-bom-5.5.2.pom
2026-08-04 14:51:37,352 [Worker-66: Building] INFO  o.e.m.c.i.e.AbstractTransferListenerAdapter - Downloaded https://repo.maven.apache.org/maven2/io/rest-assured/rest-assured-bom/5.5.2/rest-assured-bom-5.5.2.pom
2026-08-04 14:51:37,490 [Worker-66: Building] INFO  o.e.m.c.i.e.AbstractTransferListenerAdapter - Downloading https://repo.maven.apache.org/maven2/org/springframework/amqp/spring-amqp-bom/3.2.5/spring-amqp-bom-3.2.5.pom
2026-08-04 14:51:37,506 [Worker-66: Building] INFO  o.e.m.c.i.e.AbstractTransferListenerAdapter - Downloaded https://repo.maven.apache.org/maven2/org/springframework/amqp/spring-amqp-bom/3.2.5/spring-amqp-bom-3.2.5.pom
2026-08-04 14:51:37,595 [Worker-66: Building] INFO  o.e.m.c.i.e.AbstractTransferListenerAdapter - Downloading https://repo.maven.apache.org/maven2/org/springframework/data/spring-data-bom/2025.0.0/spring-data-bom-2025.0.0.pom
2026-08-04 14:51:37,600 [Worker-66: Building] INFO  o.e.m.c.i.e.AbstractTransferListenerAdapter - Downloaded https://repo.maven.apache.org/maven2/org/springframework/data/spring-data-bom/2025.0.0/spring-data-bom-2025.0.0.pom
2026-08-04 14:51:37,673 [Worker-66: Building] INFO  o.e.m.c.i.e.AbstractTransferListenerAdapter - Downloading https://repo.maven.apache.org/maven2/org/springframework/spring-framework-bom/6.2.7/spring-framework-bom-6.2.7.pom
2026-08-04 14:51:37,687 [Worker-66: Building] INFO  o.e.m.c.i.e.AbstractTransferListenerAdapter - Downloaded https://repo.maven.apache.org/maven2/org/springframework/spring-framework-bom/6.2.7/spring-framework-bom-6.2.7.pom
2026-08-04 14:51:37,819 [Worker-66: Building] INFO  o.e.m.c.i.e.AbstractTransferListenerAdapter - Downloading https://repo.maven.apache.org/maven2/org/springframework/integration/spring-integration-bom/6.5.0/spring-integration-bom-6.5.0.pom
2026-08-04 14:51:37,835 [Worker-66: Building] INFO  o.e.m.c.i.e.AbstractTransferListenerAdapter - Downloaded https://repo.maven.apache.org/maven2/org/springframework/integration/spring-integration-bom/6.5.0/spring-integration-bom-6.5.0.pom
2026-08-04 14:51:37,977 [Worker-66: Building] INFO  o.e.m.c.i.e.AbstractTransferListenerAdapter - Downloading https://repo.maven.apache.org/maven2/org/springframework/pulsar/spring-pulsar-bom/1.2.6/spring-pulsar-bom-1.2.6.pom
2026-08-04 14:51:37,991 [Worker-66: Building] INFO  o.e.m.c.i.e.AbstractTransferListenerAdapter - Downloaded https://repo.maven.apache.org/maven2/org/springframework/pulsar/spring-pulsar-bom/1.2.6/spring-pulsar-bom-1.2.6.pom
2026-08-04 14:51:38,081 [Worker-66: Building] INFO  o.e.m.c.i.e.AbstractTransferListenerAdapter - Downloading https://repo.maven.apache.org/maven2/org/springframework/restdocs/spring-restdocs-bom/3.0.3/spring-restdocs-bom-3.0.3.pom
2026-08-04 14:51:38,088 [Worker-66: Building] INFO  o.e.m.c.i.e.AbstractTransferListenerAdapter - Downloaded https://repo.maven.apache.org/maven2/org/springframework/restdocs/spring-restdocs-bom/3.0.3/spring-restdocs-bom-3.0.3.pom
2026-08-04 14:51:38,191 [Worker-66: Building] INFO  o.e.m.c.i.e.AbstractTransferListenerAdapter - Downloading https://repo.maven.apache.org/maven2/org/springframework/security/spring-security-bom/6.5.0/spring-security-bom-6.5.0.pom
2026-08-04 14:51:38,201 [Worker-66: Building] INFO  o.e.m.c.i.e.AbstractTransferListenerAdapter - Downloaded https://repo.maven.apache.org/maven2/org/springframework/security/spring-security-bom/6.5.0/spring-security-bom-6.5.0.pom
2026-08-04 14:51:38,287 [Worker-66: Building] INFO  o.e.m.c.i.e.AbstractTransferListenerAdapter - Downloading https://repo.maven.apache.org/maven2/org/springframework/session/spring-session-bom/3.5.0/spring-session-bom-3.5.0.pom
2026-08-04 14:51:38,297 [Worker-66: Building] INFO  o.e.m.c.i.e.AbstractTransferListenerAdapter - Downloaded https://repo.maven.apache.org/maven2/org/springframework/session/spring-session-bom/3.5.0/spring-session-bom-3.5.0.pom
2026-08-04 14:51:38,397 [Worker-66: Building] INFO  o.e.m.c.i.e.AbstractTransferListenerAdapter - Downloading https://repo.maven.apache.org/maven2/org/springframework/ws/spring-ws-bom/4.1.0/spring-ws-bom-4.1.0.pom
2026-08-04 14:51:38,406 [Worker-66: Building] INFO  o.e.m.c.i.e.AbstractTransferListenerAdapter - Downloaded https://repo.maven.apache.org/maven2/org/springframework/ws/spring-ws-bom/4.1.0/spring-ws-bom-4.1.0.pom
2026-08-04 14:51:38,659 [Worker-66: Building] INFO  o.e.m.c.i.e.AbstractTransferListenerAdapter - Downloading https://repo.maven.apache.org/maven2/org/testcontainers/testcontainers-bom/1.21.0/testcontainers-bom-1.21.0.pom
2026-08-04 14:51:38,701 [Worker-66: Building] INFO  o.e.m.c.i.e.AbstractTransferListenerAdapter - Downloaded https://repo.maven.apache.org/maven2/org/testcontainers/testcontainers-bom/1.21.0/testcontainers-bom-1.21.0.pom
2026-08-04 14:51:38,817 [Worker-66: Building] INFO  o.e.m.c.i.e.AbstractTransferListenerAdapter - Downloading https://repo.maven.apache.org/maven2/org/springframework/cloud/spring-cloud-starter/4.3.0/spring-cloud-starter-4.3.0.pom
2026-08-04 14:51:38,863 [Worker-66: Building] INFO  o.e.m.c.i.e.AbstractTransferListenerAdapter - Downloaded https://repo.maven.apache.org/maven2/org/springframework/cloud/spring-cloud-starter/4.3.0/spring-cloud-starter-4.3.0.pom
2026-08-04 14:51:38,986 [Worker-66: Building] INFO  o.e.m.c.i.e.AbstractTransferListenerAdapter - Downloading https://repo.maven.apache.org/maven2/org/springframework/cloud/spring-cloud-commons-parent/4.3.0/spring-cloud-commons-parent-4.3.0.pom
2026-08-04 14:51:39,026 [Worker-66: Building] INFO  o.e.m.c.i.e.AbstractTransferListenerAdapter - Downloaded https://repo.maven.apache.org/maven2/org/springframework/cloud/spring-cloud-commons-parent/4.3.0/spring-cloud-commons-parent-4.3.0.pom
2026-08-04 14:51:39,115 [Worker-66: Building] INFO  o.e.m.c.i.e.AbstractTransferListenerAdapter - Downloading https://repo.maven.apache.org/maven2/org/springframework/boot/spring-boot-starter/3.5.4/spring-boot-starter-3.5.4.pom
2026-08-04 14:51:39,180 [Worker-66: Building] INFO  o.e.m.c.i.e.AbstractTransferListenerAdapter - Downloaded https://repo.maven.apache.org/maven2/org/springframework/boot/spring-boot-starter/3.5.4/spring-boot-starter-3.5.4.pom
2026-08-04 14:51:39,280 [Worker-66: Building] INFO  o.e.m.c.i.e.AbstractTransferListenerAdapter - Downloading https://repo.maven.apache.org/maven2/org/springframework/boot/spring-boot/3.5.4/spring-boot-3.5.4.pom
2026-08-04 14:51:39,288 [Worker-66: Building] INFO  o.e.m.c.i.e.AbstractTransferListenerAdapter - Downloaded https://repo.maven.apache.org/maven2/org/springframework/boot/spring-boot/3.5.4/spring-boot-3.5.4.pom
2026-08-04 14:51:39,391 [Worker-66: Building] INFO  o.e.m.c.i.e.AbstractTransferListenerAdapter - Downloading https://repo.maven.apache.org/maven2/org/springframework/spring-core/6.2.9/spring-core-6.2.9.pom
2026-08-04 14:51:39,429 [Worker-66: Building] INFO  o.e.m.c.i.e.AbstractTransferListenerAdapter - Downloaded https://repo.maven.apache.org/maven2/org/springframework/spring-core/6.2.9/spring-core-6.2.9.pom
2026-08-04 14:51:39,544 [Worker-66: Building] INFO  o.e.m.c.i.e.AbstractTransferListenerAdapter - Downloading https://repo.maven.apache.org/maven2/org/springframework/spring-jcl/6.2.9/spring-jcl-6.2.9.pom
2026-08-04 14:51:39,549 [Worker-66: Building] INFO  o.e.m.c.i.e.AbstractTransferListenerAdapter - Downloaded https://repo.maven.apache.org/maven2/org/springframework/spring-jcl/6.2.9/spring-jcl-6.2.9.pom
2026-08-04 14:51:39,698 [Worker-66: Building] INFO  o.e.m.c.i.e.AbstractTransferListenerAdapter - Downloading https://repo.maven.apache.org/maven2/org/springframework/spring-context/6.2.9/spring-context-6.2.9.pom
2026-08-04 14:51:39,712 [Worker-66: Building] INFO  o.e.m.c.i.e.AbstractTransferListenerAdapter - Downloaded https://repo.maven.apache.org/maven2/org/springframework/spring-context/6.2.9/spring-context-6.2.9.pom
2026-08-04 14:51:39,804 [Worker-66: Building] INFO  o.e.m.c.i.e.AbstractTransferListenerAdapter - Downloading https://repo.maven.apache.org/maven2/org/springframework/spring-aop/6.2.9/spring-aop-6.2.9.pom
2026-08-04 14:51:39,807 [Worker-66: Building] INFO  o.e.m.c.i.e.AbstractTransferListenerAdapter - Downloaded https://repo.maven.apache.org/maven2/org/springframework/spring-aop/6.2.9/spring-aop-6.2.9.pom
2026-08-04 14:51:39,892 [Worker-66: Building] INFO  o.e.m.c.i.e.AbstractTransferListenerAdapter - Downloading https://repo.maven.apache.org/maven2/org/springframework/spring-beans/6.2.9/spring-beans-6.2.9.pom
2026-08-04 14:51:39,897 [Worker-66: Building] INFO  o.e.m.c.i.e.AbstractTransferListenerAdapter - Downloaded https://repo.maven.apache.org/maven2/org/springframework/spring-beans/6.2.9/spring-beans-6.2.9.pom
2026-08-04 14:51:39,996 [Worker-66: Building] INFO  o.e.m.c.i.e.AbstractTransferListenerAdapter - Downloading https://repo.maven.apache.org/maven2/org/springframework/spring-expression/6.2.9/spring-expression-6.2.9.pom
2026-08-04 14:51:40,003 [Worker-66: Building] INFO  o.e.m.c.i.e.AbstractTransferListenerAdapter - Downloaded https://repo.maven.apache.org/maven2/org/springframework/spring-expression/6.2.9/spring-expression-6.2.9.pom
2026-08-04 14:51:40,205 [Worker-66: Building] INFO  o.e.m.c.i.e.AbstractTransferListenerAdapter - Downloading https://repo.maven.apache.org/maven2/io/micrometer/micrometer-observation/1.15.2/micrometer-observation-1.15.2.pom
2026-08-04 14:51:40,230 [Worker-66: Building] INFO  o.e.m.c.i.e.AbstractTransferListenerAdapter - Downloaded https://repo.maven.apache.org/maven2/io/micrometer/micrometer-observation/1.15.2/micrometer-observation-1.15.2.pom
2026-08-04 14:51:40,333 [Worker-66: Building] INFO  o.e.m.c.i.e.AbstractTransferListenerAdapter - Downloading https://repo.maven.apache.org/maven2/io/micrometer/micrometer-commons/1.15.2/micrometer-commons-1.15.2.pom
2026-08-04 14:51:40,341 [Worker-66: Building] INFO  o.e.m.c.i.e.AbstractTransferListenerAdapter - Downloaded https://repo.maven.apache.org/maven2/io/micrometer/micrometer-commons/1.15.2/micrometer-commons-1.15.2.pom
2026-08-04 14:51:40,481 [Worker-66: Building] INFO  o.e.m.c.i.e.AbstractTransferListenerAdapter - Downloading https://repo.maven.apache.org/maven2/org/springframework/boot/spring-boot-autoconfigure/3.5.4/spring-boot-autoconfigure-3.5.4.pom
2026-08-04 14:51:40,522 [Worker-66: Building] INFO  o.e.m.c.i.e.AbstractTransferListenerAdapter - Downloaded https://repo.maven.apache.org/maven2/org/springframework/boot/spring-boot-autoconfigure/3.5.4/spring-boot-autoconfigure-3.5.4.pom
2026-08-04 14:51:40,639 [Worker-66: Building] INFO  o.e.m.c.i.e.AbstractTransferListenerAdapter - Downloading https://repo.maven.apache.org/maven2/org/springframework/boot/spring-boot-starter-logging/3.5.4/spring-boot-starter-logging-3.5.4.pom
2026-08-04 14:51:40,646 [Worker-66: Building] INFO  o.e.m.c.i.e.AbstractTransferListenerAdapter - Downloaded https://repo.maven.apache.org/maven2/org/springframework/boot/spring-boot-starter-logging/3.5.4/spring-boot-starter-logging-3.5.4.pom
2026-08-04 14:51:40,758 [Worker-66: Building] INFO  o.e.m.c.i.e.AbstractTransferListenerAdapter - Downloading https://repo.maven.apache.org/maven2/ch/qos/logback/logback-classic/1.5.18/logback-classic-1.5.18.pom
2026-08-04 14:51:40,802 [Worker-66: Building] INFO  o.e.m.c.i.e.AbstractTransferListenerAdapter - Downloaded https://repo.maven.apache.org/maven2/ch/qos/logback/logback-classic/1.5.18/logback-classic-1.5.18.pom
2026-08-04 14:51:40,906 [Worker-66: Building] INFO  o.e.m.c.i.e.AbstractTransferListenerAdapter - Downloading https://repo.maven.apache.org/maven2/ch/qos/logback/logback-parent/1.5.18/logback-parent-1.5.18.pom
2026-08-04 14:51:40,958 [Worker-66: Building] INFO  o.e.m.c.i.e.AbstractTransferListenerAdapter - Downloaded https://repo.maven.apache.org/maven2/ch/qos/logback/logback-parent/1.5.18/logback-parent-1.5.18.pom
2026-08-04 14:51:41,075 [Worker-66: Building] INFO  o.e.m.c.i.e.AbstractTransferListenerAdapter - Downloading https://repo.maven.apache.org/maven2/ch/qos/logback/logback-core/1.5.18/logback-core-1.5.18.pom
2026-08-04 14:51:41,120 [Worker-66: Building] INFO  o.e.m.c.i.e.AbstractTransferListenerAdapter - Downloaded https://repo.maven.apache.org/maven2/ch/qos/logback/logback-core/1.5.18/logback-core-1.5.18.pom
2026-08-04 14:51:41,257 [Worker-66: Building] INFO  o.e.m.c.i.e.AbstractTransferListenerAdapter - Downloading https://repo.maven.apache.org/maven2/org/slf4j/slf4j-api/2.0.17/slf4j-api-2.0.17.pom
2026-08-04 14:51:41,264 [Worker-66: Building] INFO  o.e.m.c.i.e.AbstractTransferListenerAdapter - Downloaded https://repo.maven.apache.org/maven2/org/slf4j/slf4j-api/2.0.17/slf4j-api-2.0.17.pom
2026-08-04 14:51:41,397 [Worker-66: Building] INFO  o.e.m.c.i.e.AbstractTransferListenerAdapter - Downloading https://repo.maven.apache.org/maven2/org/slf4j/slf4j-parent/2.0.17/slf4j-parent-2.0.17.pom
2026-08-04 14:51:41,437 [Worker-66: Building] INFO  o.e.m.c.i.e.AbstractTransferListenerAdapter - Downloaded https://repo.maven.apache.org/maven2/org/slf4j/slf4j-parent/2.0.17/slf4j-parent-2.0.17.pom
2026-08-04 14:51:41,546 [Worker-66: Building] INFO  o.e.m.c.i.e.AbstractTransferListenerAdapter - Downloading https://repo.maven.apache.org/maven2/org/slf4j/slf4j-bom/2.0.17/slf4j-bom-2.0.17.pom
2026-08-04 14:51:41,553 [Worker-66: Building] INFO  o.e.m.c.i.e.AbstractTransferListenerAdapter - Downloaded https://repo.maven.apache.org/maven2/org/slf4j/slf4j-bom/2.0.17/slf4j-bom-2.0.17.pom
2026-08-04 14:51:41,633 [Worker-66: Building] INFO  o.e.m.c.i.e.AbstractTransferListenerAdapter - Downloading https://repo.maven.apache.org/maven2/org/apache/logging/log4j/log4j-to-slf4j/2.24.3/log4j-to-slf4j-2.24.3.pom
2026-08-04 14:51:41,638 [Worker-66: Building] INFO  o.e.m.c.i.e.AbstractTransferListenerAdapter - Downloaded https://repo.maven.apache.org/maven2/org/apache/logging/log4j/log4j-to-slf4j/2.24.3/log4j-to-slf4j-2.24.3.pom
2026-08-04 14:51:41,753 [Worker-66: Building] INFO  o.e.m.c.i.e.AbstractTransferListenerAdapter - Downloading https://repo.maven.apache.org/maven2/org/apache/logging/log4j/log4j/2.24.3/log4j-2.24.3.pom
2026-08-04 14:51:41,792 [Worker-66: Building] INFO  o.e.m.c.i.e.AbstractTransferListenerAdapter - Downloaded https://repo.maven.apache.org/maven2/org/apache/logging/log4j/log4j/2.24.3/log4j-2.24.3.pom
2026-08-04 14:51:41,904 [Worker-66: Building] INFO  o.e.m.c.i.e.AbstractTransferListenerAdapter - Downloading https://repo.maven.apache.org/maven2/org/apache/groovy/groovy-bom/4.0.22/groovy-bom-4.0.22.pom
2026-08-04 14:51:41,915 [Worker-66: Building] INFO  o.e.m.c.i.e.AbstractTransferListenerAdapter - Downloaded https://repo.maven.apache.org/maven2/org/apache/groovy/groovy-bom/4.0.22/groovy-bom-4.0.22.pom
2026-08-04 14:51:42,021 [Worker-66: Building] INFO  o.e.m.c.i.e.AbstractTransferListenerAdapter - Downloading https://repo.maven.apache.org/maven2/com/fasterxml/jackson/jackson-bom/2.17.2/jackson-bom-2.17.2.pom
2026-08-04 14:51:42,064 [Worker-66: Building] INFO  o.e.m.c.i.e.AbstractTransferListenerAdapter - Downloaded https://repo.maven.apache.org/maven2/com/fasterxml/jackson/jackson-bom/2.17.2/jackson-bom-2.17.2.pom
2026-08-04 14:51:42,183 [Worker-66: Building] INFO  o.e.m.c.i.e.AbstractTransferListenerAdapter - Downloading https://repo.maven.apache.org/maven2/com/fasterxml/jackson/jackson-parent/2.17/jackson-parent-2.17.pom
2026-08-04 14:51:42,219 [Worker-66: Building] INFO  o.e.m.c.i.e.AbstractTransferListenerAdapter - Downloaded https://repo.maven.apache.org/maven2/com/fasterxml/jackson/jackson-parent/2.17/jackson-parent-2.17.pom
2026-08-04 14:51:42,325 [Worker-66: Building] INFO  o.e.m.c.i.e.AbstractTransferListenerAdapter - Downloading https://repo.maven.apache.org/maven2/com/fasterxml/oss-parent/58/oss-parent-58.pom
2026-08-04 14:51:42,372 [Worker-66: Building] INFO  o.e.m.c.i.e.AbstractTransferListenerAdapter - Downloaded https://repo.maven.apache.org/maven2/com/fasterxml/oss-parent/58/oss-parent-58.pom
2026-08-04 14:51:42,543 [Worker-66: Building] INFO  o.e.m.c.i.e.AbstractTransferListenerAdapter - Downloading https://repo.maven.apache.org/maven2/org/apache/logging/log4j/log4j-api/2.24.3/log4j-api-2.24.3.pom
2026-08-04 14:51:42,585 [Worker-66: Building] INFO  o.e.m.c.i.e.AbstractTransferListenerAdapter - Downloaded https://repo.maven.apache.org/maven2/org/apache/logging/log4j/log4j-api/2.24.3/log4j-api-2.24.3.pom
2026-08-04 14:51:42,760 [Worker-66: Building] INFO  o.e.m.c.i.e.AbstractTransferListenerAdapter - Downloading https://repo.maven.apache.org/maven2/org/slf4j/jul-to-slf4j/2.0.17/jul-to-slf4j-2.0.17.pom
2026-08-04 14:51:42,766 [Worker-66: Building] INFO  o.e.m.c.i.e.AbstractTransferListenerAdapter - Downloaded https://repo.maven.apache.org/maven2/org/slf4j/jul-to-slf4j/2.0.17/jul-to-slf4j-2.0.17.pom
2026-08-04 14:51:42,860 [Worker-66: Building] INFO  o.e.m.c.i.e.AbstractTransferListenerAdapter - Downloading https://repo.maven.apache.org/maven2/jakarta/annotation/jakarta.annotation-api/2.1.1/jakarta.annotation-api-2.1.1.pom
2026-08-04 14:51:42,865 [Worker-66: Building] INFO  o.e.m.c.i.e.AbstractTransferListenerAdapter - Downloaded https://repo.maven.apache.org/maven2/jakarta/annotation/jakarta.annotation-api/2.1.1/jakarta.annotation-api-2.1.1.pom
2026-08-04 14:51:43,010 [Worker-66: Building] INFO  o.e.m.c.i.e.AbstractTransferListenerAdapter - Downloading https://repo.maven.apache.org/maven2/org/springframework/cloud/spring-cloud-context/4.3.0/spring-cloud-context-4.3.0.pom
2026-08-04 14:51:43,050 [Worker-66: Building] INFO  o.e.m.c.i.e.AbstractTransferListenerAdapter - Downloaded https://repo.maven.apache.org/maven2/org/springframework/cloud/spring-cloud-context/4.3.0/spring-cloud-context-4.3.0.pom
2026-08-04 14:51:43,180 [Worker-66: Building] INFO  o.e.m.c.i.e.AbstractTransferListenerAdapter - Downloading https://repo.maven.apache.org/maven2/org/springframework/security/spring-security-crypto/6.5.2/spring-security-crypto-6.5.2.pom
2026-08-04 14:51:43,185 [Worker-66: Building] INFO  o.e.m.c.i.e.AbstractTransferListenerAdapter - Downloaded https://repo.maven.apache.org/maven2/org/springframework/security/spring-security-crypto/6.5.2/spring-security-crypto-6.5.2.pom
2026-08-04 14:51:43,287 [Worker-66: Building] INFO  o.e.m.c.i.e.AbstractTransferListenerAdapter - Downloading https://repo.maven.apache.org/maven2/org/springframework/cloud/spring-cloud-commons/4.3.0/spring-cloud-commons-4.3.0.pom
2026-08-04 14:51:43,292 [Worker-66: Building] INFO  o.e.m.c.i.e.AbstractTransferListenerAdapter - Downloaded https://repo.maven.apache.org/maven2/org/springframework/cloud/spring-cloud-commons/4.3.0/spring-cloud-commons-4.3.0.pom
2026-08-04 14:51:43,400 [Worker-66: Building] INFO  o.e.m.c.i.e.AbstractTransferListenerAdapter - Downloading https://repo.maven.apache.org/maven2/org/bouncycastle/bcprov-jdk18on/1.80/bcprov-jdk18on-1.80.pom
2026-08-04 14:51:43,442 [Worker-66: Building] INFO  o.e.m.c.i.e.AbstractTransferListenerAdapter - Downloaded https://repo.maven.apache.org/maven2/org/bouncycastle/bcprov-jdk18on/1.80/bcprov-jdk18on-1.80.pom
2026-08-04 14:51:43,537 [Worker-66: Building] INFO  o.e.m.c.i.e.AbstractTransferListenerAdapter - Downloading https://repo.maven.apache.org/maven2/org/springframework/cloud/spring-cloud-netflix-eureka-server/4.3.0/spring-cloud-netflix-eureka-server-4.3.0.pom
2026-08-04 14:51:43,552 [Worker-66: Building] INFO  o.e.m.c.i.e.AbstractTransferListenerAdapter - Downloaded https://repo.maven.apache.org/maven2/org/springframework/cloud/spring-cloud-netflix-eureka-server/4.3.0/spring-cloud-netflix-eureka-server-4.3.0.pom
2026-08-04 14:51:43,651 [Worker-66: Building] INFO  o.e.m.c.i.e.AbstractTransferListenerAdapter - Downloading https://repo.maven.apache.org/maven2/org/springframework/boot/spring-boot-starter-web/3.5.4/spring-boot-starter-web-3.5.4.pom
2026-08-04 14:51:43,655 [Worker-66: Building] INFO  o.e.m.c.i.e.AbstractTransferListenerAdapter - Downloaded https://repo.maven.apache.org/maven2/org/springframework/boot/spring-boot-starter-web/3.5.4/spring-boot-starter-web-3.5.4.pom
2026-08-04 14:51:43,743 [Worker-66: Building] INFO  o.e.m.c.i.e.AbstractTransferListenerAdapter - Downloading https://repo.maven.apache.org/maven2/org/springframework/boot/spring-boot-starter-json/3.5.4/spring-boot-starter-json-3.5.4.pom
2026-08-04 14:51:43,745 [Worker-66: Building] INFO  o.e.m.c.i.e.AbstractTransferListenerAdapter - Downloaded https://repo.maven.apache.org/maven2/org/springframework/boot/spring-boot-starter-json/3.5.4/spring-boot-starter-json-3.5.4.pom
2026-08-04 14:51:43,898 [Worker-66: Building] INFO  o.e.m.c.i.e.AbstractTransferListenerAdapter - Downloading https://repo.maven.apache.org/maven2/org/springframework/spring-web/6.2.9/spring-web-6.2.9.pom
2026-08-04 14:51:43,911 [Worker-66: Building] INFO  o.e.m.c.i.e.AbstractTransferListenerAdapter - Downloaded https://repo.maven.apache.org/maven2/org/springframework/spring-web/6.2.9/spring-web-6.2.9.pom
2026-08-04 14:51:44,028 [Worker-66: Building] INFO  o.e.m.c.i.e.AbstractTransferListenerAdapter - Downloading https://repo.maven.apache.org/maven2/com/fasterxml/jackson/datatype/jackson-datatype-jdk8/2.19.2/jackson-datatype-jdk8-2.19.2.pom
2026-08-04 14:51:44,031 [Worker-66: Building] INFO  o.e.m.c.i.e.AbstractTransferListenerAdapter - Downloaded https://repo.maven.apache.org/maven2/com/fasterxml/jackson/datatype/jackson-datatype-jdk8/2.19.2/jackson-datatype-jdk8-2.19.2.pom
2026-08-04 14:51:44,124 [Worker-66: Building] INFO  o.e.m.c.i.e.AbstractTransferListenerAdapter - Downloading https://repo.maven.apache.org/maven2/com/fasterxml/jackson/module/jackson-modules-java8/2.19.2/jackson-modules-java8-2.19.2.pom
2026-08-04 14:51:44,129 [Worker-66: Building] INFO  o.e.m.c.i.e.AbstractTransferListenerAdapter - Downloaded https://repo.maven.apache.org/maven2/com/fasterxml/jackson/module/jackson-modules-java8/2.19.2/jackson-modules-java8-2.19.2.pom
2026-08-04 14:51:44,268 [Worker-66: Building] INFO  o.e.m.c.i.e.AbstractTransferListenerAdapter - Downloading https://repo.maven.apache.org/maven2/com/fasterxml/jackson/datatype/jackson-datatype-jsr310/2.19.2/jackson-datatype-jsr310-2.19.2.pom
2026-08-04 14:51:44,271 [Worker-66: Building] INFO  o.e.m.c.i.e.AbstractTransferListenerAdapter - Downloaded https://repo.maven.apache.org/maven2/com/fasterxml/jackson/datatype/jackson-datatype-jsr310/2.19.2/jackson-datatype-jsr310-2.19.2.pom
2026-08-04 14:51:44,364 [Worker-66: Building] INFO  o.e.m.c.i.e.AbstractTransferListenerAdapter - Downloading https://repo.maven.apache.org/maven2/com/fasterxml/jackson/module/jackson-module-parameter-names/2.19.2/jackson-module-parameter-names-2.19.2.pom
2026-08-04 14:51:44,370 [Worker-66: Building] INFO  o.e.m.c.i.e.AbstractTransferListenerAdapter - Downloaded https://repo.maven.apache.org/maven2/com/fasterxml/jackson/module/jackson-module-parameter-names/2.19.2/jackson-module-parameter-names-2.19.2.pom
2026-08-04 14:51:44,480 [Worker-66: Building] INFO  o.e.m.c.i.e.AbstractTransferListenerAdapter - Downloading https://repo.maven.apache.org/maven2/org/springframework/boot/spring-boot-starter-tomcat/3.5.4/spring-boot-starter-tomcat-3.5.4.pom
2026-08-04 14:51:44,484 [Worker-66: Building] INFO  o.e.m.c.i.e.AbstractTransferListenerAdapter - Downloaded https://repo.maven.apache.org/maven2/org/springframework/boot/spring-boot-starter-tomcat/3.5.4/spring-boot-starter-tomcat-3.5.4.pom
2026-08-04 14:51:44,617 [Worker-66: Building] INFO  o.e.m.c.i.e.AbstractTransferListenerAdapter - Downloading https://repo.maven.apache.org/maven2/org/apache/tomcat/embed/tomcat-embed-core/10.1.43/tomcat-embed-core-10.1.43.pom
2026-08-04 14:51:44,633 [Worker-66: Building] INFO  o.e.m.c.i.e.AbstractTransferListenerAdapter - Downloaded https://repo.maven.apache.org/maven2/org/apache/tomcat/embed/tomcat-embed-core/10.1.43/tomcat-embed-core-10.1.43.pom
2026-08-04 14:51:44,772 [Worker-66: Building] INFO  o.e.m.c.i.e.AbstractTransferListenerAdapter - Downloading https://repo.maven.apache.org/maven2/org/apache/tomcat/embed/tomcat-embed-el/10.1.43/tomcat-embed-el-10.1.43.pom
2026-08-04 14:51:44,785 [Worker-66: Building] INFO  o.e.m.c.i.e.AbstractTransferListenerAdapter - Downloaded https://repo.maven.apache.org/maven2/org/apache/tomcat/embed/tomcat-embed-el/10.1.43/tomcat-embed-el-10.1.43.pom
2026-08-04 14:51:44,951 [Worker-66: Building] INFO  o.e.m.c.i.e.AbstractTransferListenerAdapter - Downloading https://repo.maven.apache.org/maven2/org/apache/tomcat/embed/tomcat-embed-websocket/10.1.43/tomcat-embed-websocket-10.1.43.pom
2026-08-04 14:51:44,965 [Worker-66: Building] INFO  o.e.m.c.i.e.AbstractTransferListenerAdapter - Downloaded https://repo.maven.apache.org/maven2/org/apache/tomcat/embed/tomcat-embed-websocket/10.1.43/tomcat-embed-websocket-10.1.43.pom
2026-08-04 14:51:45,088 [Worker-66: Building] INFO  o.e.m.c.i.e.AbstractTransferListenerAdapter - Downloading https://repo.maven.apache.org/maven2/org/springframework/spring-webmvc/6.2.9/spring-webmvc-6.2.9.pom
2026-08-04 14:51:45,095 [Worker-66: Building] INFO  o.e.m.c.i.e.AbstractTransferListenerAdapter - Downloaded https://repo.maven.apache.org/maven2/org/springframework/spring-webmvc/6.2.9/spring-webmvc-6.2.9.pom
2026-08-04 14:51:45,188 [Worker-66: Building] INFO  o.e.m.c.i.e.AbstractTransferListenerAdapter - Downloading https://repo.maven.apache.org/maven2/org/springframework/boot/spring-boot-starter-actuator/3.5.4/spring-boot-starter-actuator-3.5.4.pom
2026-08-04 14:51:45,194 [Worker-66: Building] INFO  o.e.m.c.i.e.AbstractTransferListenerAdapter - Downloaded https://repo.maven.apache.org/maven2/org/springframework/boot/spring-boot-starter-actuator/3.5.4/spring-boot-starter-actuator-3.5.4.pom
2026-08-04 14:51:45,283 [Worker-66: Building] INFO  o.e.m.c.i.e.AbstractTransferListenerAdapter - Downloading https://repo.maven.apache.org/maven2/org/springframework/boot/spring-boot-actuator-autoconfigure/3.5.4/spring-boot-actuator-autoconfigure-3.5.4.pom
2026-08-04 14:51:45,286 [Worker-66: Building] INFO  o.e.m.c.i.e.AbstractTransferListenerAdapter - Downloaded https://repo.maven.apache.org/maven2/org/springframework/boot/spring-boot-actuator-autoconfigure/3.5.4/spring-boot-actuator-autoconfigure-3.5.4.pom
2026-08-04 14:51:45,426 [Worker-66: Building] INFO  o.e.m.c.i.e.AbstractTransferListenerAdapter - Downloading https://repo.maven.apache.org/maven2/org/springframework/boot/spring-boot-actuator/3.5.4/spring-boot-actuator-3.5.4.pom
2026-08-04 14:51:45,442 [Worker-66: Building] INFO  o.e.m.c.i.e.AbstractTransferListenerAdapter - Downloaded https://repo.maven.apache.org/maven2/org/springframework/boot/spring-boot-actuator/3.5.4/spring-boot-actuator-3.5.4.pom
2026-08-04 14:51:45,561 [Worker-66: Building] INFO  o.e.m.c.i.e.AbstractTransferListenerAdapter - Downloading https://repo.maven.apache.org/maven2/io/micrometer/micrometer-jakarta9/1.15.2/micrometer-jakarta9-1.15.2.pom
2026-08-04 14:51:45,566 [Worker-66: Building] INFO  o.e.m.c.i.e.AbstractTransferListenerAdapter - Downloaded https://repo.maven.apache.org/maven2/io/micrometer/micrometer-jakarta9/1.15.2/micrometer-jakarta9-1.15.2.pom
2026-08-04 14:51:45,714 [Worker-66: Building] INFO  o.e.m.c.i.e.AbstractTransferListenerAdapter - Downloading https://repo.maven.apache.org/maven2/io/micrometer/micrometer-core/1.15.2/micrometer-core-1.15.2.pom
2026-08-04 14:51:45,730 [Worker-66: Building] INFO  o.e.m.c.i.e.AbstractTransferListenerAdapter - Downloaded https://repo.maven.apache.org/maven2/io/micrometer/micrometer-core/1.15.2/micrometer-core-1.15.2.pom
2026-08-04 14:51:45,844 [Worker-66: Building] INFO  o.e.m.c.i.e.AbstractTransferListenerAdapter - Downloading https://repo.maven.apache.org/maven2/org/springframework/boot/spring-boot-starter-freemarker/3.5.4/spring-boot-starter-freemarker-3.5.4.pom
2026-08-04 14:51:45,851 [Worker-66: Building] INFO  o.e.m.c.i.e.AbstractTransferListenerAdapter - Downloaded https://repo.maven.apache.org/maven2/org/springframework/boot/spring-boot-starter-freemarker/3.5.4/spring-boot-starter-freemarker-3.5.4.pom
2026-08-04 14:51:45,948 [Worker-66: Building] INFO  o.e.m.c.i.e.AbstractTransferListenerAdapter - Downloading https://repo.maven.apache.org/maven2/org/springframework/spring-context-support/6.2.9/spring-context-support-6.2.9.pom
2026-08-04 14:51:45,954 [Worker-66: Building] INFO  o.e.m.c.i.e.AbstractTransferListenerAdapter - Downloaded https://repo.maven.apache.org/maven2/org/springframework/spring-context-support/6.2.9/spring-context-support-6.2.9.pom
2026-08-04 14:51:46,049 [Worker-66: Building] INFO  o.e.m.c.i.e.AbstractTransferListenerAdapter - Downloading https://repo.maven.apache.org/maven2/org/springframework/cloud/spring-cloud-netflix-eureka-client/4.3.0/spring-cloud-netflix-eureka-client-4.3.0.pom
2026-08-04 14:51:46,052 [Worker-66: Building] INFO  o.e.m.c.i.e.AbstractTransferListenerAdapter - Downloaded https://repo.maven.apache.org/maven2/org/springframework/cloud/spring-cloud-netflix-eureka-client/4.3.0/spring-cloud-netflix-eureka-client-4.3.0.pom
2026-08-04 14:51:46,158 [Worker-66: Building] INFO  o.e.m.c.i.e.AbstractTransferListenerAdapter - Downloading https://repo.maven.apache.org/maven2/com/netflix/eureka/eureka-client/2.0.4/eureka-client-2.0.4.pom
2026-08-04 14:51:46,162 [Worker-66: Building] INFO  o.e.m.c.i.e.AbstractTransferListenerAdapter - Downloaded https://repo.maven.apache.org/maven2/com/netflix/eureka/eureka-client/2.0.4/eureka-client-2.0.4.pom
2026-08-04 14:51:46,267 [Worker-66: Building] INFO  o.e.m.c.i.e.AbstractTransferListenerAdapter - Downloading https://repo.maven.apache.org/maven2/com/thoughtworks/xstream/xstream/1.4.20/xstream-1.4.20.pom
2026-08-04 14:51:46,272 [Worker-66: Building] INFO  o.e.m.c.i.e.AbstractTransferListenerAdapter - Downloaded https://repo.maven.apache.org/maven2/com/thoughtworks/xstream/xstream/1.4.20/xstream-1.4.20.pom
2026-08-04 14:51:46,364 [Worker-66: Building] INFO  o.e.m.c.i.e.AbstractTransferListenerAdapter - Downloading https://repo.maven.apache.org/maven2/com/thoughtworks/xstream/xstream-parent/1.4.20/xstream-parent-1.4.20.pom
2026-08-04 14:51:46,374 [Worker-66: Building] INFO  o.e.m.c.i.e.AbstractTransferListenerAdapter - Downloaded https://repo.maven.apache.org/maven2/com/thoughtworks/xstream/xstream-parent/1.4.20/xstream-parent-1.4.20.pom
2026-08-04 14:51:46,517 [Worker-66: Building] INFO  o.e.m.c.i.e.AbstractTransferListenerAdapter - Downloading https://repo.maven.apache.org/maven2/jakarta/ws/rs/jakarta.ws.rs-api/3.1.0/jakarta.ws.rs-api-3.1.0.pom
2026-08-04 14:51:46,558 [Worker-66: Building] INFO  o.e.m.c.i.e.AbstractTransferListenerAdapter - Downloaded https://repo.maven.apache.org/maven2/jakarta/ws/rs/jakarta.ws.rs-api/3.1.0/jakarta.ws.rs-api-3.1.0.pom
2026-08-04 14:51:46,677 [Worker-66: Building] INFO  o.e.m.c.i.e.AbstractTransferListenerAdapter - Downloading https://repo.maven.apache.org/maven2/jakarta/ws/rs/all/3.1.0/all-3.1.0.pom
2026-08-04 14:51:46,719 [Worker-66: Building] INFO  o.e.m.c.i.e.AbstractTransferListenerAdapter - Downloaded https://repo.maven.apache.org/maven2/jakarta/ws/rs/all/3.1.0/all-3.1.0.pom
2026-08-04 14:51:46,869 [Worker-66: Building] INFO  o.e.m.c.i.e.AbstractTransferListenerAdapter - Downloading https://repo.maven.apache.org/maven2/commons-codec/commons-codec/1.18.0/commons-codec-1.18.0.pom
2026-08-04 14:51:46,911 [Worker-66: Building] INFO  o.e.m.c.i.e.AbstractTransferListenerAdapter - Downloaded https://repo.maven.apache.org/maven2/commons-codec/commons-codec/1.18.0/commons-codec-1.18.0.pom
2026-08-04 14:51:47,069 [Worker-66: Building] INFO  o.e.m.c.i.e.AbstractTransferListenerAdapter - Downloading https://repo.maven.apache.org/maven2/org/apache/commons/commons-parent/79/commons-parent-79.pom
2026-08-04 14:51:47,083 [Worker-66: Building] INFO  o.e.m.c.i.e.AbstractTransferListenerAdapter - Downloaded https://repo.maven.apache.org/maven2/org/apache/commons/commons-parent/79/commons-parent-79.pom
2026-08-04 14:51:47,203 [Worker-66: Building] INFO  o.e.m.c.i.e.AbstractTransferListenerAdapter - Downloading https://repo.maven.apache.org/maven2/commons-configuration/commons-configuration/1.10/commons-configuration-1.10.pom
2026-08-04 14:51:47,250 [Worker-66: Building] INFO  o.e.m.c.i.e.AbstractTransferListenerAdapter - Downloaded https://repo.maven.apache.org/maven2/commons-configuration/commons-configuration/1.10/commons-configuration-1.10.pom
2026-08-04 14:51:47,418 [Worker-66: Building] INFO  o.e.m.c.i.e.AbstractTransferListenerAdapter - Downloading https://repo.maven.apache.org/maven2/org/apache/commons/commons-parent/32/commons-parent-32.pom
2026-08-04 14:51:47,427 [Worker-66: Building] INFO  o.e.m.c.i.e.AbstractTransferListenerAdapter - Downloaded https://repo.maven.apache.org/maven2/org/apache/commons/commons-parent/32/commons-parent-32.pom
2026-08-04 14:51:47,523 [Worker-66: Building] INFO  o.e.m.c.i.e.AbstractTransferListenerAdapter - Downloading https://repo.maven.apache.org/maven2/commons-lang/commons-lang/2.6/commons-lang-2.6.pom
2026-08-04 14:51:47,546 [Worker-66: Building] INFO  o.e.m.c.i.e.AbstractTransferListenerAdapter - Downloaded https://repo.maven.apache.org/maven2/commons-lang/commons-lang/2.6/commons-lang-2.6.pom
2026-08-04 14:51:47,679 [Worker-66: Building] INFO  o.e.m.c.i.e.AbstractTransferListenerAdapter - Downloading https://repo.maven.apache.org/maven2/org/apache/commons/commons-parent/17/commons-parent-17.pom
2026-08-04 14:51:47,719 [Worker-66: Building] INFO  o.e.m.c.i.e.AbstractTransferListenerAdapter - Downloaded https://repo.maven.apache.org/maven2/org/apache/commons/commons-parent/17/commons-parent-17.pom
2026-08-04 14:51:47,844 [Worker-66: Building] INFO  o.e.m.c.i.e.AbstractTransferListenerAdapter - Downloading https://repo.maven.apache.org/maven2/com/google/guava/guava/14.0.1/guava-14.0.1.pom
2026-08-04 14:51:47,884 [Worker-66: Building] INFO  o.e.m.c.i.e.AbstractTransferListenerAdapter - Downloaded https://repo.maven.apache.org/maven2/com/google/guava/guava/14.0.1/guava-14.0.1.pom
2026-08-04 14:51:47,982 [Worker-66: Building] INFO  o.e.m.c.i.e.AbstractTransferListenerAdapter - Downloading https://repo.maven.apache.org/maven2/com/google/guava/guava-parent/14.0.1/guava-parent-14.0.1.pom
2026-08-04 14:51:47,991 [Worker-66: Building] INFO  o.e.m.c.i.e.AbstractTransferListenerAdapter - Downloaded https://repo.maven.apache.org/maven2/com/google/guava/guava-parent/14.0.1/guava-parent-14.0.1.pom
2026-08-04 14:51:48,083 [Worker-66: Building] INFO  o.e.m.c.i.e.AbstractTransferListenerAdapter - Downloading https://repo.maven.apache.org/maven2/com/google/code/gson/gson/2.13.1/gson-2.13.1.pom
2026-08-04 14:51:48,089 [Worker-66: Building] INFO  o.e.m.c.i.e.AbstractTransferListenerAdapter - Downloaded https://repo.maven.apache.org/maven2/com/google/code/gson/gson/2.13.1/gson-2.13.1.pom
2026-08-04 14:51:48,188 [Worker-66: Building] INFO  o.e.m.c.i.e.AbstractTransferListenerAdapter - Downloading https://repo.maven.apache.org/maven2/com/google/code/gson/gson-parent/2.13.1/gson-parent-2.13.1.pom
2026-08-04 14:51:48,197 [Worker-66: Building] INFO  o.e.m.c.i.e.AbstractTransferListenerAdapter - Downloaded https://repo.maven.apache.org/maven2/com/google/code/gson/gson-parent/2.13.1/gson-parent-2.13.1.pom
2026-08-04 14:51:48,310 [Worker-66: Building] INFO  o.e.m.c.i.e.AbstractTransferListenerAdapter - Downloading https://repo.maven.apache.org/maven2/com/google/errorprone/error_prone_annotations/2.38.0/error_prone_annotations-2.38.0.pom
2026-08-04 14:51:48,318 [Worker-66: Building] INFO  o.e.m.c.i.e.AbstractTransferListenerAdapter - Downloaded https://repo.maven.apache.org/maven2/com/google/errorprone/error_prone_annotations/2.38.0/error_prone_annotations-2.38.0.pom
2026-08-04 14:51:48,427 [Worker-66: Building] INFO  o.e.m.c.i.e.AbstractTransferListenerAdapter - Downloading https://repo.maven.apache.org/maven2/com/google/errorprone/error_prone_parent/2.38.0/error_prone_parent-2.38.0.pom
2026-08-04 14:51:48,435 [Worker-66: Building] INFO  o.e.m.c.i.e.AbstractTransferListenerAdapter - Downloaded https://repo.maven.apache.org/maven2/com/google/errorprone/error_prone_parent/2.38.0/error_prone_parent-2.38.0.pom
2026-08-04 14:51:48,572 [Worker-66: Building] INFO  o.e.m.c.i.e.AbstractTransferListenerAdapter - Downloading https://repo.maven.apache.org/maven2/org/apache/httpcomponents/client5/httpclient5/5.5/httpclient5-5.5.pom
2026-08-04 14:51:48,611 [Worker-66: Building] INFO  o.e.m.c.i.e.AbstractTransferListenerAdapter - Downloaded https://repo.maven.apache.org/maven2/org/apache/httpcomponents/client5/httpclient5/5.5/httpclient5-5.5.pom
2026-08-04 14:51:48,725 [Worker-66: Building] INFO  o.e.m.c.i.e.AbstractTransferListenerAdapter - Downloading https://repo.maven.apache.org/maven2/org/apache/httpcomponents/client5/httpclient5-parent/5.5/httpclient5-parent-5.5.pom
2026-08-04 14:51:48,760 [Worker-66: Building] INFO  o.e.m.c.i.e.AbstractTransferListenerAdapter - Downloaded https://repo.maven.apache.org/maven2/org/apache/httpcomponents/client5/httpclient5-parent/5.5/httpclient5-parent-5.5.pom
2026-08-04 14:51:48,867 [Worker-66: Building] INFO  o.e.m.c.i.e.AbstractTransferListenerAdapter - Downloading https://repo.maven.apache.org/maven2/org/apache/httpcomponents/core5/httpcore5/5.3.4/httpcore5-5.3.4.pom
2026-08-04 14:51:48,884 [Worker-66: Building] INFO  o.e.m.c.i.e.AbstractTransferListenerAdapter - Downloaded https://repo.maven.apache.org/maven2/org/apache/httpcomponents/core5/httpcore5/5.3.4/httpcore5-5.3.4.pom
2026-08-04 14:51:48,974 [Worker-66: Building] INFO  o.e.m.c.i.e.AbstractTransferListenerAdapter - Downloading https://repo.maven.apache.org/maven2/org/apache/httpcomponents/core5/httpcore5-parent/5.3.4/httpcore5-parent-5.3.4.pom
2026-08-04 14:51:48,980 [Worker-66: Building] INFO  o.e.m.c.i.e.AbstractTransferListenerAdapter - Downloaded https://repo.maven.apache.org/maven2/org/apache/httpcomponents/core5/httpcore5-parent/5.3.4/httpcore5-parent-5.3.4.pom
2026-08-04 14:51:49,078 [Worker-66: Building] INFO  o.e.m.c.i.e.AbstractTransferListenerAdapter - Downloading https://repo.maven.apache.org/maven2/org/apache/httpcomponents/core5/httpcore5-h2/5.3.4/httpcore5-h2-5.3.4.pom
2026-08-04 14:51:49,086 [Worker-66: Building] INFO  o.e.m.c.i.e.AbstractTransferListenerAdapter - Downloaded https://repo.maven.apache.org/maven2/org/apache/httpcomponents/core5/httpcore5-h2/5.3.4/httpcore5-h2-5.3.4.pom
2026-08-04 14:51:49,183 [Worker-66: Building] INFO  o.e.m.c.i.e.AbstractTransferListenerAdapter - Downloading https://repo.maven.apache.org/maven2/com/netflix/eureka/eureka-client-jersey3/2.0.4/eureka-client-jersey3-2.0.4.pom
2026-08-04 14:51:49,191 [Worker-66: Building] INFO  o.e.m.c.i.e.AbstractTransferListenerAdapter - Downloaded https://repo.maven.apache.org/maven2/com/netflix/eureka/eureka-client-jersey3/2.0.4/eureka-client-jersey3-2.0.4.pom
2026-08-04 14:51:49,268 [Worker-66: Building] INFO  o.e.m.c.i.e.AbstractTransferListenerAdapter - Downloading https://repo.maven.apache.org/maven2/org/glassfish/jersey/core/jersey-client/3.1.10/jersey-client-3.1.10.pom
2026-08-04 14:51:49,274 [Worker-66: Building] INFO  o.e.m.c.i.e.AbstractTransferListenerAdapter - Downloaded https://repo.maven.apache.org/maven2/org/glassfish/jersey/core/jersey-client/3.1.10/jersey-client-3.1.10.pom
2026-08-04 14:51:49,389 [Worker-66: Building] INFO  o.e.m.c.i.e.AbstractTransferListenerAdapter - Downloading https://repo.maven.apache.org/maven2/org/glassfish/jersey/project/3.1.10/project-3.1.10.pom
2026-08-04 14:51:49,432 [Worker-66: Building] INFO  o.e.m.c.i.e.AbstractTransferListenerAdapter - Downloaded https://repo.maven.apache.org/maven2/org/glassfish/jersey/project/3.1.10/project-3.1.10.pom
2026-08-04 14:51:49,519 [Worker-66: Building] INFO  o.e.m.c.i.e.AbstractTransferListenerAdapter - Downloading https://repo.maven.apache.org/maven2/org/glassfish/jersey/core/jersey-common/3.1.10/jersey-common-3.1.10.pom
2026-08-04 14:51:49,527 [Worker-66: Building] INFO  o.e.m.c.i.e.AbstractTransferListenerAdapter - Downloaded https://repo.maven.apache.org/maven2/org/glassfish/jersey/core/jersey-common/3.1.10/jersey-common-3.1.10.pom
2026-08-04 14:51:49,620 [Worker-66: Building] INFO  o.e.m.c.i.e.AbstractTransferListenerAdapter - Downloading https://repo.maven.apache.org/maven2/org/glassfish/hk2/osgi-resource-locator/1.0.3/osgi-resource-locator-1.0.3.pom
2026-08-04 14:51:49,623 [Worker-66: Building] INFO  o.e.m.c.i.e.AbstractTransferListenerAdapter - Downloaded https://repo.maven.apache.org/maven2/org/glassfish/hk2/osgi-resource-locator/1.0.3/osgi-resource-locator-1.0.3.pom
2026-08-04 14:51:49,702 [Worker-66: Building] INFO  o.e.m.c.i.e.AbstractTransferListenerAdapter - Downloading https://repo.maven.apache.org/maven2/org/eclipse/ee4j/project/1.0.5/project-1.0.5.pom
2026-08-04 14:51:49,705 [Worker-66: Building] INFO  o.e.m.c.i.e.AbstractTransferListenerAdapter - Downloaded https://repo.maven.apache.org/maven2/org/eclipse/ee4j/project/1.0.5/project-1.0.5.pom
2026-08-04 14:51:49,804 [Worker-66: Building] INFO  o.e.m.c.i.e.AbstractTransferListenerAdapter - Downloading https://repo.maven.apache.org/maven2/org/glassfish/jersey/inject/jersey-hk2/3.1.10/jersey-hk2-3.1.10.pom
2026-08-04 14:51:49,809 [Worker-66: Building] INFO  o.e.m.c.i.e.AbstractTransferListenerAdapter - Downloaded https://repo.maven.apache.org/maven2/org/glassfish/jersey/inject/jersey-hk2/3.1.10/jersey-hk2-3.1.10.pom
2026-08-04 14:51:49,895 [Worker-66: Building] INFO  o.e.m.c.i.e.AbstractTransferListenerAdapter - Downloading https://repo.maven.apache.org/maven2/org/glassfish/jersey/inject/project/3.1.10/project-3.1.10.pom
2026-08-04 14:51:49,902 [Worker-66: Building] INFO  o.e.m.c.i.e.AbstractTransferListenerAdapter - Downloaded https://repo.maven.apache.org/maven2/org/glassfish/jersey/inject/project/3.1.10/project-3.1.10.pom
2026-08-04 14:51:49,994 [Worker-66: Building] INFO  o.e.m.c.i.e.AbstractTransferListenerAdapter - Downloading https://repo.maven.apache.org/maven2/org/glassfish/hk2/hk2-locator/3.0.6/hk2-locator-3.0.6.pom
2026-08-04 14:51:50,001 [Worker-66: Building] INFO  o.e.m.c.i.e.AbstractTransferListenerAdapter - Downloaded https://repo.maven.apache.org/maven2/org/glassfish/hk2/hk2-locator/3.0.6/hk2-locator-3.0.6.pom
2026-08-04 14:51:50,084 [Worker-66: Building] INFO  o.e.m.c.i.e.AbstractTransferListenerAdapter - Downloading https://repo.maven.apache.org/maven2/org/glassfish/hk2/hk2-parent/3.0.6/hk2-parent-3.0.6.pom
2026-08-04 14:51:50,106 [Worker-66: Building] INFO  o.e.m.c.i.e.AbstractTransferListenerAdapter - Downloaded https://repo.maven.apache.org/maven2/org/glassfish/hk2/hk2-parent/3.0.6/hk2-parent-3.0.6.pom
2026-08-04 14:51:50,245 [Worker-66: Building] INFO  o.e.m.c.i.e.AbstractTransferListenerAdapter - Downloading https://repo.maven.apache.org/maven2/org/glassfish/hk2/external/aopalliance-repackaged/3.0.6/aopalliance-repackaged-3.0.6.pom
2026-08-04 14:51:50,283 [Worker-66: Building] INFO  o.e.m.c.i.e.AbstractTransferListenerAdapter - Downloaded https://repo.maven.apache.org/maven2/org/glassfish/hk2/external/aopalliance-repackaged/3.0.6/aopalliance-repackaged-3.0.6.pom
2026-08-04 14:51:50,427 [Worker-66: Building] INFO  o.e.m.c.i.e.AbstractTransferListenerAdapter - Downloading https://repo.maven.apache.org/maven2/org/glassfish/hk2/external/3.0.6/external-3.0.6.pom
2026-08-04 14:51:50,464 [Worker-66: Building] INFO  o.e.m.c.i.e.AbstractTransferListenerAdapter - Downloaded https://repo.maven.apache.org/maven2/org/glassfish/hk2/external/3.0.6/external-3.0.6.pom
2026-08-04 14:51:50,564 [Worker-66: Building] INFO  o.e.m.c.i.e.AbstractTransferListenerAdapter - Downloading https://repo.maven.apache.org/maven2/org/glassfish/hk2/hk2-api/3.0.6/hk2-api-3.0.6.pom
2026-08-04 14:51:50,570 [Worker-66: Building] INFO  o.e.m.c.i.e.AbstractTransferListenerAdapter - Downloaded https://repo.maven.apache.org/maven2/org/glassfish/hk2/hk2-api/3.0.6/hk2-api-3.0.6.pom
2026-08-04 14:51:50,645 [Worker-66: Building] INFO  o.e.m.c.i.e.AbstractTransferListenerAdapter - Downloading https://repo.maven.apache.org/maven2/org/glassfish/hk2/hk2-utils/3.0.6/hk2-utils-3.0.6.pom
2026-08-04 14:51:50,652 [Worker-66: Building] INFO  o.e.m.c.i.e.AbstractTransferListenerAdapter - Downloaded https://repo.maven.apache.org/maven2/org/glassfish/hk2/hk2-utils/3.0.6/hk2-utils-3.0.6.pom
2026-08-04 14:51:50,750 [Worker-66: Building] INFO  o.e.m.c.i.e.AbstractTransferListenerAdapter - Downloading https://repo.maven.apache.org/maven2/org/glassfish/jersey/connectors/jersey-apache-connector/3.1.10/jersey-apache-connector-3.1.10.pom
2026-08-04 14:51:50,755 [Worker-66: Building] INFO  o.e.m.c.i.e.AbstractTransferListenerAdapter - Downloaded https://repo.maven.apache.org/maven2/org/glassfish/jersey/connectors/jersey-apache-connector/3.1.10/jersey-apache-connector-3.1.10.pom
2026-08-04 14:51:50,856 [Worker-66: Building] INFO  o.e.m.c.i.e.AbstractTransferListenerAdapter - Downloading https://repo.maven.apache.org/maven2/org/glassfish/jersey/connectors/project/3.1.10/project-3.1.10.pom
2026-08-04 14:51:50,866 [Worker-66: Building] INFO  o.e.m.c.i.e.AbstractTransferListenerAdapter - Downloaded https://repo.maven.apache.org/maven2/org/glassfish/jersey/connectors/project/3.1.10/project-3.1.10.pom
2026-08-04 14:51:51,003 [Worker-66: Building] INFO  o.e.m.c.i.e.AbstractTransferListenerAdapter - Downloading https://repo.maven.apache.org/maven2/org/apache/httpcomponents/httpclient/4.5.14/httpclient-4.5.14.pom
2026-08-04 14:51:51,011 [Worker-66: Building] INFO  o.e.m.c.i.e.AbstractTransferListenerAdapter - Downloaded https://repo.maven.apache.org/maven2/org/apache/httpcomponents/httpclient/4.5.14/httpclient-4.5.14.pom
2026-08-04 14:51:51,119 [Worker-66: Building] INFO  o.e.m.c.i.e.AbstractTransferListenerAdapter - Downloading https://repo.maven.apache.org/maven2/org/apache/httpcomponents/httpcomponents-client/4.5.14/httpcomponents-client-4.5.14.pom
2026-08-04 14:51:51,128 [Worker-66: Building] INFO  o.e.m.c.i.e.AbstractTransferListenerAdapter - Downloaded https://repo.maven.apache.org/maven2/org/apache/httpcomponents/httpcomponents-client/4.5.14/httpcomponents-client-4.5.14.pom
2026-08-04 14:51:51,234 [Worker-66: Building] INFO  o.e.m.c.i.e.AbstractTransferListenerAdapter - Downloading https://repo.maven.apache.org/maven2/com/netflix/eureka/eureka-core-jersey3/2.0.4/eureka-core-jersey3-2.0.4.pom
2026-08-04 14:51:51,239 [Worker-66: Building] INFO  o.e.m.c.i.e.AbstractTransferListenerAdapter - Downloaded https://repo.maven.apache.org/maven2/com/netflix/eureka/eureka-core-jersey3/2.0.4/eureka-core-jersey3-2.0.4.pom
2026-08-04 14:51:51,335 [Worker-66: Building] INFO  o.e.m.c.i.e.AbstractTransferListenerAdapter - Downloading https://repo.maven.apache.org/maven2/com/netflix/eureka/eureka-core/2.0.4/eureka-core-2.0.4.pom
2026-08-04 14:51:51,342 [Worker-66: Building] INFO  o.e.m.c.i.e.AbstractTransferListenerAdapter - Downloaded https://repo.maven.apache.org/maven2/com/netflix/eureka/eureka-core/2.0.4/eureka-core-2.0.4.pom
2026-08-04 14:51:51,487 [Worker-66: Building] INFO  o.e.m.c.i.e.AbstractTransferListenerAdapter - Downloading https://repo.maven.apache.org/maven2/commons-logging/commons-logging/1.3.4/commons-logging-1.3.4.pom
2026-08-04 14:51:51,496 [Worker-66: Building] INFO  o.e.m.c.i.e.AbstractTransferListenerAdapter - Downloaded https://repo.maven.apache.org/maven2/commons-logging/commons-logging/1.3.4/commons-logging-1.3.4.pom
2026-08-04 14:51:51,635 [Worker-66: Building] INFO  o.e.m.c.i.e.AbstractTransferListenerAdapter - Downloading https://repo.maven.apache.org/maven2/org/glassfish/jersey/containers/jersey-container-servlet/3.1.10/jersey-container-servlet-3.1.10.pom
2026-08-04 14:51:51,676 [Worker-66: Building] INFO  o.e.m.c.i.e.AbstractTransferListenerAdapter - Downloaded https://repo.maven.apache.org/maven2/org/glassfish/jersey/containers/jersey-container-servlet/3.1.10/jersey-container-servlet-3.1.10.pom
2026-08-04 14:51:51,764 [Worker-66: Building] INFO  o.e.m.c.i.e.AbstractTransferListenerAdapter - Downloading https://repo.maven.apache.org/maven2/org/glassfish/jersey/containers/project/3.1.10/project-3.1.10.pom
2026-08-04 14:51:51,773 [Worker-66: Building] INFO  o.e.m.c.i.e.AbstractTransferListenerAdapter - Downloaded https://repo.maven.apache.org/maven2/org/glassfish/jersey/containers/project/3.1.10/project-3.1.10.pom
2026-08-04 14:51:51,886 [Worker-66: Building] INFO  o.e.m.c.i.e.AbstractTransferListenerAdapter - Downloading https://repo.maven.apache.org/maven2/org/glassfish/jersey/containers/jersey-container-servlet-core/3.1.10/jersey-container-servlet-core-3.1.10.pom
2026-08-04 14:51:51,893 [Worker-66: Building] INFO  o.e.m.c.i.e.AbstractTransferListenerAdapter - Downloaded https://repo.maven.apache.org/maven2/org/glassfish/jersey/containers/jersey-container-servlet-core/3.1.10/jersey-container-servlet-core-3.1.10.pom
2026-08-04 14:51:52,010 [Worker-66: Building] INFO  o.e.m.c.i.e.AbstractTransferListenerAdapter - Downloading https://repo.maven.apache.org/maven2/org/glassfish/jersey/core/jersey-server/3.1.10/jersey-server-3.1.10.pom
2026-08-04 14:51:52,049 [Worker-66: Building] INFO  o.e.m.c.i.e.AbstractTransferListenerAdapter - Downloaded https://repo.maven.apache.org/maven2/org/glassfish/jersey/core/jersey-server/3.1.10/jersey-server-3.1.10.pom
2026-08-04 14:51:52,160 [Worker-66: Building] INFO  o.e.m.c.i.e.AbstractTransferListenerAdapter - Downloading https://repo.maven.apache.org/maven2/jakarta/validation/jakarta.validation-api/3.0.2/jakarta.validation-api-3.0.2.pom
2026-08-04 14:51:52,201 [Worker-66: Building] INFO  o.e.m.c.i.e.AbstractTransferListenerAdapter - Downloaded https://repo.maven.apache.org/maven2/jakarta/validation/jakarta.validation-api/3.0.2/jakarta.validation-api-3.0.2.pom
2026-08-04 14:51:52,318 [Worker-66: Building] INFO  o.e.m.c.i.e.AbstractTransferListenerAdapter - Downloading https://repo.maven.apache.org/maven2/com/fasterxml/jackson/dataformat/jackson-dataformat-xml/2.19.2/jackson-dataformat-xml-2.19.2.pom
2026-08-04 14:51:52,323 [Worker-66: Building] INFO  o.e.m.c.i.e.AbstractTransferListenerAdapter - Downloaded https://repo.maven.apache.org/maven2/com/fasterxml/jackson/dataformat/jackson-dataformat-xml/2.19.2/jackson-dataformat-xml-2.19.2.pom
2026-08-04 14:51:52,460 [Worker-66: Building] INFO  o.e.m.c.i.e.AbstractTransferListenerAdapter - Downloading https://repo.maven.apache.org/maven2/org/springframework/cloud/spring-cloud-starter-loadbalancer/4.3.0/spring-cloud-starter-loadbalancer-4.3.0.pom
2026-08-04 14:51:52,502 [Worker-66: Building] INFO  o.e.m.c.i.e.AbstractTransferListenerAdapter - Downloaded https://repo.maven.apache.org/maven2/org/springframework/cloud/spring-cloud-starter-loadbalancer/4.3.0/spring-cloud-starter-loadbalancer-4.3.0.pom
2026-08-04 14:51:52,638 [Worker-66: Building] INFO  o.e.m.c.i.e.AbstractTransferListenerAdapter - Downloading https://repo.maven.apache.org/maven2/org/springframework/cloud/spring-cloud-loadbalancer/4.3.0/spring-cloud-loadbalancer-4.3.0.pom
2026-08-04 14:51:52,653 [Worker-66: Building] INFO  o.e.m.c.i.e.AbstractTransferListenerAdapter - Downloaded https://repo.maven.apache.org/maven2/org/springframework/cloud/spring-cloud-loadbalancer/4.3.0/spring-cloud-loadbalancer-4.3.0.pom
2026-08-04 14:51:52,771 [Worker-66: Building] INFO  o.e.m.c.i.e.AbstractTransferListenerAdapter - Downloading https://repo.maven.apache.org/maven2/io/projectreactor/reactor-core/3.7.8/reactor-core-3.7.8.pom
2026-08-04 14:51:52,778 [Worker-66: Building] INFO  o.e.m.c.i.e.AbstractTransferListenerAdapter - Downloaded https://repo.maven.apache.org/maven2/io/projectreactor/reactor-core/3.7.8/reactor-core-3.7.8.pom
2026-08-04 14:51:52,865 [Worker-66: Building] INFO  o.e.m.c.i.e.AbstractTransferListenerAdapter - Downloading https://repo.maven.apache.org/maven2/io/projectreactor/addons/reactor-extra/3.5.2/reactor-extra-3.5.2.pom
2026-08-04 14:51:52,869 [Worker-66: Building] INFO  o.e.m.c.i.e.AbstractTransferListenerAdapter - Downloaded https://repo.maven.apache.org/maven2/io/projectreactor/addons/reactor-extra/3.5.2/reactor-extra-3.5.2.pom
2026-08-04 14:51:52,951 [Worker-66: Building] INFO  o.e.m.c.i.e.AbstractTransferListenerAdapter - Downloading https://repo.maven.apache.org/maven2/org/springframework/boot/spring-boot-starter-cache/3.5.4/spring-boot-starter-cache-3.5.4.pom
2026-08-04 14:51:52,954 [Worker-66: Building] INFO  o.e.m.c.i.e.AbstractTransferListenerAdapter - Downloaded https://repo.maven.apache.org/maven2/org/springframework/boot/spring-boot-starter-cache/3.5.4/spring-boot-starter-cache-3.5.4.pom
2026-08-04 14:51:53,088 [Worker-66: Building] INFO  o.e.m.c.i.e.AbstractTransferListenerAdapter - Downloading https://repo.maven.apache.org/maven2/org/glassfish/jaxb/jaxb-runtime/4.0.5/jaxb-runtime-4.0.5.pom
2026-08-04 14:51:53,100 [Worker-66: Building] INFO  o.e.m.c.i.e.AbstractTransferListenerAdapter - Downloaded https://repo.maven.apache.org/maven2/org/glassfish/jaxb/jaxb-runtime/4.0.5/jaxb-runtime-4.0.5.pom
2026-08-04 14:51:53,188 [Worker-66: Building] INFO  o.e.m.c.i.e.AbstractTransferListenerAdapter - Downloading https://repo.maven.apache.org/maven2/com/sun/xml/bind/mvn/jaxb-runtime-parent/4.0.5/jaxb-runtime-parent-4.0.5.pom
2026-08-04 14:51:53,192 [Worker-66: Building] INFO  o.e.m.c.i.e.AbstractTransferListenerAdapter - Downloaded https://repo.maven.apache.org/maven2/com/sun/xml/bind/mvn/jaxb-runtime-parent/4.0.5/jaxb-runtime-parent-4.0.5.pom
2026-08-04 14:51:53,304 [Worker-66: Building] INFO  o.e.m.c.i.e.AbstractTransferListenerAdapter - Downloading https://repo.maven.apache.org/maven2/com/sun/xml/bind/mvn/jaxb-parent/4.0.5/jaxb-parent-4.0.5.pom
2026-08-04 14:51:53,310 [Worker-66: Building] INFO  o.e.m.c.i.e.AbstractTransferListenerAdapter - Downloaded https://repo.maven.apache.org/maven2/com/sun/xml/bind/mvn/jaxb-parent/4.0.5/jaxb-parent-4.0.5.pom
2026-08-04 14:51:53,408 [Worker-66: Building] INFO  o.e.m.c.i.e.AbstractTransferListenerAdapter - Downloading https://repo.maven.apache.org/maven2/com/sun/xml/bind/jaxb-bom-ext/4.0.5/jaxb-bom-ext-4.0.5.pom
2026-08-04 14:51:53,411 [Worker-66: Building] INFO  o.e.m.c.i.e.AbstractTransferListenerAdapter - Downloaded https://repo.maven.apache.org/maven2/com/sun/xml/bind/jaxb-bom-ext/4.0.5/jaxb-bom-ext-4.0.5.pom
2026-08-04 14:51:53,504 [Worker-66: Building] INFO  o.e.m.c.i.e.AbstractTransferListenerAdapter - Downloading https://repo.maven.apache.org/maven2/org/glassfish/jaxb/jaxb-core/4.0.5/jaxb-core-4.0.5.pom
2026-08-04 14:51:53,506 [Worker-66: Building] INFO  o.e.m.c.i.e.AbstractTransferListenerAdapter - Downloaded https://repo.maven.apache.org/maven2/org/glassfish/jaxb/jaxb-core/4.0.5/jaxb-core-4.0.5.pom
2026-08-04 14:51:53,605 [Worker-66: Building] INFO  o.e.m.c.i.e.AbstractTransferListenerAdapter - Downloading https://repo.maven.apache.org/maven2/jakarta/xml/bind/jakarta.xml.bind-api/4.0.2/jakarta.xml.bind-api-4.0.2.pom
2026-08-04 14:51:53,612 [Worker-66: Building] INFO  o.e.m.c.i.e.AbstractTransferListenerAdapter - Downloaded https://repo.maven.apache.org/maven2/jakarta/xml/bind/jakarta.xml.bind-api/4.0.2/jakarta.xml.bind-api-4.0.2.pom
2026-08-04 14:51:53,702 [Worker-66: Building] INFO  o.e.m.c.i.e.AbstractTransferListenerAdapter - Downloading https://repo.maven.apache.org/maven2/jakarta/xml/bind/jakarta.xml.bind-api-parent/4.0.2/jakarta.xml.bind-api-parent-4.0.2.pom
2026-08-04 14:51:53,707 [Worker-66: Building] INFO  o.e.m.c.i.e.AbstractTransferListenerAdapter - Downloaded https://repo.maven.apache.org/maven2/jakarta/xml/bind/jakarta.xml.bind-api-parent/4.0.2/jakarta.xml.bind-api-parent-4.0.2.pom
2026-08-04 14:51:53,850 [Worker-66: Building] INFO  o.e.m.c.i.e.AbstractTransferListenerAdapter - Downloading https://repo.maven.apache.org/maven2/jakarta/activation/jakarta.activation-api/2.1.3/jakarta.activation-api-2.1.3.pom
2026-08-04 14:51:53,863 [Worker-66: Building] INFO  o.e.m.c.i.e.AbstractTransferListenerAdapter - Downloaded https://repo.maven.apache.org/maven2/jakarta/activation/jakarta.activation-api/2.1.3/jakarta.activation-api-2.1.3.pom
2026-08-04 14:51:53,944 [Worker-66: Building] INFO  o.e.m.c.i.e.AbstractTransferListenerAdapter - Downloading https://repo.maven.apache.org/maven2/org/eclipse/angus/angus-activation/2.0.2/angus-activation-2.0.2.pom
2026-08-04 14:51:53,947 [Worker-66: Building] INFO  o.e.m.c.i.e.AbstractTransferListenerAdapter - Downloaded https://repo.maven.apache.org/maven2/org/eclipse/angus/angus-activation/2.0.2/angus-activation-2.0.2.pom
2026-08-04 14:51:54,041 [Worker-66: Building] INFO  o.e.m.c.i.e.AbstractTransferListenerAdapter - Downloading https://repo.maven.apache.org/maven2/org/eclipse/angus/angus-activation-project/2.0.2/angus-activation-project-2.0.2.pom
2026-08-04 14:51:54,045 [Worker-66: Building] INFO  o.e.m.c.i.e.AbstractTransferListenerAdapter - Downloaded https://repo.maven.apache.org/maven2/org/eclipse/angus/angus-activation-project/2.0.2/angus-activation-project-2.0.2.pom
2026-08-04 14:51:54,129 [Worker-66: Building] INFO  o.e.m.c.i.e.AbstractTransferListenerAdapter - Downloading https://repo.maven.apache.org/maven2/org/glassfish/jaxb/txw2/4.0.5/txw2-4.0.5.pom
2026-08-04 14:51:54,153 [Worker-66: Building] INFO  o.e.m.c.i.e.AbstractTransferListenerAdapter - Downloaded https://repo.maven.apache.org/maven2/org/glassfish/jaxb/txw2/4.0.5/txw2-4.0.5.pom
2026-08-04 14:51:54,230 [Worker-66: Building] INFO  o.e.m.c.i.e.AbstractTransferListenerAdapter - Downloading https://repo.maven.apache.org/maven2/com/sun/xml/bind/mvn/jaxb-txw-parent/4.0.5/jaxb-txw-parent-4.0.5.pom
2026-08-04 14:51:54,259 [Worker-66: Building] INFO  o.e.m.c.i.e.AbstractTransferListenerAdapter - Downloaded https://repo.maven.apache.org/maven2/com/sun/xml/bind/mvn/jaxb-txw-parent/4.0.5/jaxb-txw-parent-4.0.5.pom
2026-08-04 14:51:54,495 [Worker-66: Building] INFO  o.e.m.c.i.e.AbstractTransferListenerAdapter - Downloading https://repo.maven.apache.org/maven2/org/springframework/boot/spring-boot-devtools/3.5.4/spring-boot-devtools-3.5.4.pom
2026-08-04 14:51:54,953 [Worker-66: Building] INFO  o.e.m.c.i.e.AbstractTransferListenerAdapter - Downloaded https://repo.maven.apache.org/maven2/org/springframework/boot/spring-boot-devtools/3.5.4/spring-boot-devtools-3.5.4.pom
2026-08-04 14:51:55,034 [Worker-66: Building] INFO  o.e.m.c.i.e.AbstractTransferListenerAdapter - Downloading https://repo.maven.apache.org/maven2/org/springframework/boot/spring-boot-starter-test/3.5.4/spring-boot-starter-test-3.5.4.pom
2026-08-04 14:51:55,039 [Worker-66: Building] INFO  o.e.m.c.i.e.AbstractTransferListenerAdapter - Downloaded https://repo.maven.apache.org/maven2/org/springframework/boot/spring-boot-starter-test/3.5.4/spring-boot-starter-test-3.5.4.pom
2026-08-04 14:51:55,103 [Worker-66: Building] INFO  o.e.m.c.i.e.AbstractTransferListenerAdapter - Downloading https://repo.maven.apache.org/maven2/org/springframework/boot/spring-boot-test/3.5.4/spring-boot-test-3.5.4.pom
2026-08-04 14:51:55,106 [Worker-66: Building] INFO  o.e.m.c.i.e.AbstractTransferListenerAdapter - Downloaded https://repo.maven.apache.org/maven2/org/springframework/boot/spring-boot-test/3.5.4/spring-boot-test-3.5.4.pom
2026-08-04 14:51:55,245 [Worker-66: Building] INFO  o.e.m.c.i.e.AbstractTransferListenerAdapter - Downloading https://repo.maven.apache.org/maven2/org/springframework/spring-test/6.2.9/spring-test-6.2.9.pom
2026-08-04 14:51:55,273 [Worker-66: Building] INFO  o.e.m.c.i.e.AbstractTransferListenerAdapter - Downloaded https://repo.maven.apache.org/maven2/org/springframework/spring-test/6.2.9/spring-test-6.2.9.pom
2026-08-04 14:51:55,364 [Worker-66: Building] INFO  o.e.m.c.i.e.AbstractTransferListenerAdapter - Downloading https://repo.maven.apache.org/maven2/org/springframework/boot/spring-boot-test-autoconfigure/3.5.4/spring-boot-test-autoconfigure-3.5.4.pom
2026-08-04 14:51:55,371 [Worker-66: Building] INFO  o.e.m.c.i.e.AbstractTransferListenerAdapter - Downloaded https://repo.maven.apache.org/maven2/org/springframework/boot/spring-boot-test-autoconfigure/3.5.4/spring-boot-test-autoconfigure-3.5.4.pom
2026-08-04 14:51:55,480 [Worker-66: Building] INFO  o.e.m.c.i.e.AbstractTransferListenerAdapter - Downloading https://repo.maven.apache.org/maven2/com/jayway/jsonpath/json-path/2.9.0/json-path-2.9.0.pom
2026-08-04 14:51:55,518 [Worker-66: Building] INFO  o.e.m.c.i.e.AbstractTransferListenerAdapter - Downloaded https://repo.maven.apache.org/maven2/com/jayway/jsonpath/json-path/2.9.0/json-path-2.9.0.pom
2026-08-04 14:51:55,634 [Worker-66: Building] INFO  o.e.m.c.i.e.AbstractTransferListenerAdapter - Downloading https://repo.maven.apache.org/maven2/net/minidev/json-smart/2.5.2/json-smart-2.5.2.pom
2026-08-04 14:51:55,638 [Worker-66: Building] INFO  o.e.m.c.i.e.AbstractTransferListenerAdapter - Downloaded https://repo.maven.apache.org/maven2/net/minidev/json-smart/2.5.2/json-smart-2.5.2.pom
2026-08-04 14:51:55,729 [Worker-66: Building] INFO  o.e.m.c.i.e.AbstractTransferListenerAdapter - Downloading https://repo.maven.apache.org/maven2/net/minidev/accessors-smart/2.5.2/accessors-smart-2.5.2.pom
2026-08-04 14:51:55,734 [Worker-66: Building] INFO  o.e.m.c.i.e.AbstractTransferListenerAdapter - Downloaded https://repo.maven.apache.org/maven2/net/minidev/accessors-smart/2.5.2/accessors-smart-2.5.2.pom
2026-08-04 14:51:55,826 [Worker-66: Building] INFO  o.e.m.c.i.e.AbstractTransferListenerAdapter - Downloading https://repo.maven.apache.org/maven2/org/assertj/assertj-core/3.27.3/assertj-core-3.27.3.pom
2026-08-04 14:51:55,832 [Worker-66: Building] INFO  o.e.m.c.i.e.AbstractTransferListenerAdapter - Downloaded https://repo.maven.apache.org/maven2/org/assertj/assertj-core/3.27.3/assertj-core-3.27.3.pom
2026-08-04 14:51:55,920 [Worker-66: Building] INFO  o.e.m.c.i.e.AbstractTransferListenerAdapter - Downloading https://repo.maven.apache.org/maven2/net/bytebuddy/byte-buddy/1.17.6/byte-buddy-1.17.6.pom
2026-08-04 14:51:55,926 [Worker-66: Building] INFO  o.e.m.c.i.e.AbstractTransferListenerAdapter - Downloaded https://repo.maven.apache.org/maven2/net/bytebuddy/byte-buddy/1.17.6/byte-buddy-1.17.6.pom
2026-08-04 14:51:56,042 [Worker-66: Building] INFO  o.e.m.c.i.e.AbstractTransferListenerAdapter - Downloading https://repo.maven.apache.org/maven2/net/bytebuddy/byte-buddy-parent/1.17.6/byte-buddy-parent-1.17.6.pom
2026-08-04 14:51:56,090 [Worker-66: Building] INFO  o.e.m.c.i.e.AbstractTransferListenerAdapter - Downloaded https://repo.maven.apache.org/maven2/net/bytebuddy/byte-buddy-parent/1.17.6/byte-buddy-parent-1.17.6.pom
2026-08-04 14:51:56,192 [Worker-66: Building] INFO  o.e.m.c.i.e.AbstractTransferListenerAdapter - Downloading https://repo.maven.apache.org/maven2/org/awaitility/awaitility/4.2.2/awaitility-4.2.2.pom
2026-08-04 14:51:56,201 [Worker-66: Building] INFO  o.e.m.c.i.e.AbstractTransferListenerAdapter - Downloaded https://repo.maven.apache.org/maven2/org/awaitility/awaitility/4.2.2/awaitility-4.2.2.pom
2026-08-04 14:51:56,344 [Worker-66: Building] INFO  o.e.m.c.i.e.AbstractTransferListenerAdapter - Downloading https://repo.maven.apache.org/maven2/org/awaitility/awaitility-parent/4.2.2/awaitility-parent-4.2.2.pom
2026-08-04 14:51:56,348 [Worker-66: Building] INFO  o.e.m.c.i.e.AbstractTransferListenerAdapter - Downloaded https://repo.maven.apache.org/maven2/org/awaitility/awaitility-parent/4.2.2/awaitility-parent-4.2.2.pom
2026-08-04 14:51:56,441 [Worker-66: Building] INFO  o.e.m.c.i.e.AbstractTransferListenerAdapter - Downloading https://repo.maven.apache.org/maven2/org/junit/jupiter/junit-jupiter/5.12.2/junit-jupiter-5.12.2.pom
2026-08-04 14:51:56,453 [Worker-66: Building] INFO  o.e.m.c.i.e.AbstractTransferListenerAdapter - Downloaded https://repo.maven.apache.org/maven2/org/junit/jupiter/junit-jupiter/5.12.2/junit-jupiter-5.12.2.pom
2026-08-04 14:51:56,546 [Worker-66: Building] INFO  o.e.m.c.i.e.AbstractTransferListenerAdapter - Downloading https://repo.maven.apache.org/maven2/org/junit/jupiter/junit-jupiter-api/5.12.2/junit-jupiter-api-5.12.2.pom
2026-08-04 14:51:56,550 [Worker-66: Building] INFO  o.e.m.c.i.e.AbstractTransferListenerAdapter - Downloaded https://repo.maven.apache.org/maven2/org/junit/jupiter/junit-jupiter-api/5.12.2/junit-jupiter-api-5.12.2.pom
2026-08-04 14:51:56,685 [Worker-66: Building] INFO  o.e.m.c.i.e.AbstractTransferListenerAdapter - Downloading https://repo.maven.apache.org/maven2/org/junit/platform/junit-platform-commons/1.12.2/junit-platform-commons-1.12.2.pom
2026-08-04 14:51:56,724 [Worker-66: Building] INFO  o.e.m.c.i.e.AbstractTransferListenerAdapter - Downloaded https://repo.maven.apache.org/maven2/org/junit/platform/junit-platform-commons/1.12.2/junit-platform-commons-1.12.2.pom
2026-08-04 14:51:56,818 [Worker-66: Building] INFO  o.e.m.c.i.e.AbstractTransferListenerAdapter - Downloading https://repo.maven.apache.org/maven2/org/junit/jupiter/junit-jupiter-params/5.12.2/junit-jupiter-params-5.12.2.pom
2026-08-04 14:51:56,825 [Worker-66: Building] INFO  o.e.m.c.i.e.AbstractTransferListenerAdapter - Downloaded https://repo.maven.apache.org/maven2/org/junit/jupiter/junit-jupiter-params/5.12.2/junit-jupiter-params-5.12.2.pom
2026-08-04 14:51:56,917 [Worker-66: Building] INFO  o.e.m.c.i.e.AbstractTransferListenerAdapter - Downloading https://repo.maven.apache.org/maven2/org/junit/jupiter/junit-jupiter-engine/5.12.2/junit-jupiter-engine-5.12.2.pom
2026-08-04 14:51:56,923 [Worker-66: Building] INFO  o.e.m.c.i.e.AbstractTransferListenerAdapter - Downloaded https://repo.maven.apache.org/maven2/org/junit/jupiter/junit-jupiter-engine/5.12.2/junit-jupiter-engine-5.12.2.pom
2026-08-04 14:51:57,037 [Worker-66: Building] INFO  o.e.m.c.i.e.AbstractTransferListenerAdapter - Downloading https://repo.maven.apache.org/maven2/org/junit/platform/junit-platform-engine/1.12.2/junit-platform-engine-1.12.2.pom
2026-08-04 14:51:57,073 [Worker-66: Building] INFO  o.e.m.c.i.e.AbstractTransferListenerAdapter - Downloaded https://repo.maven.apache.org/maven2/org/junit/platform/junit-platform-engine/1.12.2/junit-platform-engine-1.12.2.pom
2026-08-04 14:51:57,196 [Worker-66: Building] INFO  o.e.m.c.i.e.AbstractTransferListenerAdapter - Downloading https://repo.maven.apache.org/maven2/org/mockito/mockito-core/5.17.0/mockito-core-5.17.0.pom
2026-08-04 14:51:57,234 [Worker-66: Building] INFO  o.e.m.c.i.e.AbstractTransferListenerAdapter - Downloaded https://repo.maven.apache.org/maven2/org/mockito/mockito-core/5.17.0/mockito-core-5.17.0.pom
2026-08-04 14:51:57,387 [Worker-66: Building] INFO  o.e.m.c.i.e.AbstractTransferListenerAdapter - Downloading https://repo.maven.apache.org/maven2/net/bytebuddy/byte-buddy-agent/1.17.6/byte-buddy-agent-1.17.6.pom
2026-08-04 14:51:57,424 [Worker-66: Building] INFO  o.e.m.c.i.e.AbstractTransferListenerAdapter - Downloaded https://repo.maven.apache.org/maven2/net/bytebuddy/byte-buddy-agent/1.17.6/byte-buddy-agent-1.17.6.pom
2026-08-04 14:51:57,514 [Worker-66: Building] INFO  o.e.m.c.i.e.AbstractTransferListenerAdapter - Downloading https://repo.maven.apache.org/maven2/org/mockito/mockito-junit-jupiter/5.17.0/mockito-junit-jupiter-5.17.0.pom
2026-08-04 14:51:57,521 [Worker-66: Building] INFO  o.e.m.c.i.e.AbstractTransferListenerAdapter - Downloaded https://repo.maven.apache.org/maven2/org/mockito/mockito-junit-jupiter/5.17.0/mockito-junit-jupiter-5.17.0.pom
2026-08-04 14:51:57,607 [Worker-66: Building] INFO  o.e.m.c.i.e.AbstractTransferListenerAdapter - Downloading https://repo.maven.apache.org/maven2/org/xmlunit/xmlunit-core/2.10.3/xmlunit-core-2.10.3.pom
2026-08-04 14:51:57,611 [Worker-66: Building] INFO  o.e.m.c.i.e.AbstractTransferListenerAdapter - Downloaded https://repo.maven.apache.org/maven2/org/xmlunit/xmlunit-core/2.10.3/xmlunit-core-2.10.3.pom
2026-08-04 14:51:57,728 [Worker-66: Building] INFO  o.e.m.c.i.e.AbstractTransferListenerAdapter - Downloading https://repo.maven.apache.org/maven2/org/xmlunit/xmlunit-parent/2.10.3/xmlunit-parent-2.10.3.pom
2026-08-04 14:51:57,772 [Worker-66: Building] INFO  o.e.m.c.i.e.AbstractTransferListenerAdapter - Downloaded https://repo.maven.apache.org/maven2/org/xmlunit/xmlunit-parent/2.10.3/xmlunit-parent-2.10.3.pom
2026-08-04 14:51:57,950 [Worker-66: Building] INFO  o.e.m.c.i.e.AbstractTransferListenerAdapter - Downloading https://repo.maven.apache.org/maven2/org/springframework/cloud/spring-cloud-starter-netflix-eureka-server/4.3.0/spring-cloud-starter-netflix-eureka-server-4.3.0.jar
2026-08-04 14:51:57,956 [Worker-66: Building] INFO  o.e.m.c.i.e.AbstractTransferListenerAdapter - Downloaded https://repo.maven.apache.org/maven2/org/springframework/cloud/spring-cloud-starter-netflix-eureka-server/4.3.0/spring-cloud-starter-netflix-eureka-server-4.3.0.jar
2026-08-04 14:51:58,066 [BasicRepositoryConnector-repo.maven.apache.org-0-2] INFO  o.e.m.c.i.e.AbstractTransferListenerAdapter - Downloading https://repo.maven.apache.org/maven2/org/springframework/security/spring-security-crypto/6.5.2/spring-security-crypto-6.5.2.jar
2026-08-04 14:51:58,428 [BasicRepositoryConnector-repo.maven.apache.org-0-2] INFO  o.e.m.c.i.e.AbstractTransferListenerAdapter - Downloaded https://repo.maven.apache.org/maven2/org/springframework/security/spring-security-crypto/6.5.2/spring-security-crypto-6.5.2.jar
2026-08-04 14:51:58,497 [BasicRepositoryConnector-repo.maven.apache.org-0-2] INFO  o.e.m.c.i.e.AbstractTransferListenerAdapter - Downloading https://repo.maven.apache.org/maven2/org/springframework/cloud/spring-cloud-netflix-eureka-server/4.3.0/spring-cloud-netflix-eureka-server-4.3.0.jar
2026-08-04 14:51:58,615 [BasicRepositoryConnector-repo.maven.apache.org-0-4] INFO  o.e.m.c.i.e.AbstractTransferListenerAdapter - Downloading https://repo.maven.apache.org/maven2/org/bouncycastle/bcprov-jdk18on/1.80/bcprov-jdk18on-1.80.jar
2026-08-04 14:51:58,621 [BasicRepositoryConnector-repo.maven.apache.org-0-0] INFO  o.e.m.c.i.e.AbstractTransferListenerAdapter - Downloading https://repo.maven.apache.org/maven2/org/springframework/cloud/spring-cloud-starter/4.3.0/spring-cloud-starter-4.3.0.jar
2026-08-04 14:51:58,647 [BasicRepositoryConnector-repo.maven.apache.org-0-1] INFO  o.e.m.c.i.e.AbstractTransferListenerAdapter - Downloading https://repo.maven.apache.org/maven2/org/springframework/cloud/spring-cloud-context/4.3.0/spring-cloud-context-4.3.0.jar
2026-08-04 14:51:58,647 [BasicRepositoryConnector-repo.maven.apache.org-0-3] INFO  o.e.m.c.i.e.AbstractTransferListenerAdapter - Downloading https://repo.maven.apache.org/maven2/org/springframework/cloud/spring-cloud-commons/4.3.0/spring-cloud-commons-4.3.0.jar
2026-08-04 14:51:58,658 [BasicRepositoryConnector-repo.maven.apache.org-0-0] INFO  o.e.m.c.i.e.AbstractTransferListenerAdapter - Downloaded https://repo.maven.apache.org/maven2/org/springframework/cloud/spring-cloud-starter/4.3.0/spring-cloud-starter-4.3.0.jar
2026-08-04 14:51:58,844 [BasicRepositoryConnector-repo.maven.apache.org-0-0] INFO  o.e.m.c.i.e.AbstractTransferListenerAdapter - Downloading https://repo.maven.apache.org/maven2/org/springframework/boot/spring-boot-starter-web/3.5.4/spring-boot-starter-web-3.5.4.jar
2026-08-04 14:51:58,871 [BasicRepositoryConnector-repo.maven.apache.org-0-0] INFO  o.e.m.c.i.e.AbstractTransferListenerAdapter - Downloaded https://repo.maven.apache.org/maven2/org/springframework/boot/spring-boot-starter-web/3.5.4/spring-boot-starter-web-3.5.4.jar
2026-08-04 14:51:58,871 [BasicRepositoryConnector-repo.maven.apache.org-0-2] INFO  o.e.m.c.i.e.AbstractTransferListenerAdapter - Downloaded https://repo.maven.apache.org/maven2/org/springframework/cloud/spring-cloud-netflix-eureka-server/4.3.0/spring-cloud-netflix-eureka-server-4.3.0.jar
2026-08-04 14:51:58,947 [BasicRepositoryConnector-repo.maven.apache.org-0-1] INFO  o.e.m.c.i.e.AbstractTransferListenerAdapter - Downloaded https://repo.maven.apache.org/maven2/org/springframework/cloud/spring-cloud-context/4.3.0/spring-cloud-context-4.3.0.jar
2026-08-04 14:51:59,013 [BasicRepositoryConnector-repo.maven.apache.org-0-0] INFO  o.e.m.c.i.e.AbstractTransferListenerAdapter - Downloading https://repo.maven.apache.org/maven2/org/springframework/boot/spring-boot-starter-json/3.5.4/spring-boot-starter-json-3.5.4.jar
2026-08-04 14:51:59,038 [BasicRepositoryConnector-repo.maven.apache.org-0-1] INFO  o.e.m.c.i.e.AbstractTransferListenerAdapter - Downloading https://repo.maven.apache.org/maven2/com/fasterxml/jackson/module/jackson-module-parameter-names/2.19.2/jackson-module-parameter-names-2.19.2.jar
2026-08-04 14:51:59,038 [BasicRepositoryConnector-repo.maven.apache.org-0-2] INFO  o.e.m.c.i.e.AbstractTransferListenerAdapter - Downloading https://repo.maven.apache.org/maven2/com/fasterxml/jackson/datatype/jackson-datatype-jdk8/2.19.2/jackson-datatype-jdk8-2.19.2.jar
2026-08-04 14:51:59,050 [BasicRepositoryConnector-repo.maven.apache.org-0-1] INFO  o.e.m.c.i.e.AbstractTransferListenerAdapter - Downloaded https://repo.maven.apache.org/maven2/com/fasterxml/jackson/module/jackson-module-parameter-names/2.19.2/jackson-module-parameter-names-2.19.2.jar
2026-08-04 14:51:59,050 [BasicRepositoryConnector-repo.maven.apache.org-0-0] INFO  o.e.m.c.i.e.AbstractTransferListenerAdapter - Downloaded https://repo.maven.apache.org/maven2/org/springframework/boot/spring-boot-starter-json/3.5.4/spring-boot-starter-json-3.5.4.jar
2026-08-04 14:51:59,107 [BasicRepositoryConnector-repo.maven.apache.org-0-3] INFO  o.e.m.c.i.e.AbstractTransferListenerAdapter - Downloaded https://repo.maven.apache.org/maven2/org/springframework/cloud/spring-cloud-commons/4.3.0/spring-cloud-commons-4.3.0.jar
2026-08-04 14:51:59,107 [BasicRepositoryConnector-repo.maven.apache.org-0-2] INFO  o.e.m.c.i.e.AbstractTransferListenerAdapter - Downloaded https://repo.maven.apache.org/maven2/com/fasterxml/jackson/datatype/jackson-datatype-jdk8/2.19.2/jackson-datatype-jdk8-2.19.2.jar
2026-08-04 14:51:59,142 [BasicRepositoryConnector-repo.maven.apache.org-0-1] INFO  o.e.m.c.i.e.AbstractTransferListenerAdapter - Downloading https://repo.maven.apache.org/maven2/org/springframework/boot/spring-boot-starter-tomcat/3.5.4/spring-boot-starter-tomcat-3.5.4.jar
2026-08-04 14:51:59,144 [BasicRepositoryConnector-repo.maven.apache.org-0-0] INFO  o.e.m.c.i.e.AbstractTransferListenerAdapter - Downloading https://repo.maven.apache.org/maven2/org/apache/tomcat/embed/tomcat-embed-core/10.1.43/tomcat-embed-core-10.1.43.jar
2026-08-04 14:51:59,163 [BasicRepositoryConnector-repo.maven.apache.org-0-1] INFO  o.e.m.c.i.e.AbstractTransferListenerAdapter - Downloaded https://repo.maven.apache.org/maven2/org/springframework/boot/spring-boot-starter-tomcat/3.5.4/spring-boot-starter-tomcat-3.5.4.jar
2026-08-04 14:51:59,366 [BasicRepositoryConnector-repo.maven.apache.org-0-3] INFO  o.e.m.c.i.e.AbstractTransferListenerAdapter - Downloading https://repo.maven.apache.org/maven2/org/apache/tomcat/embed/tomcat-embed-el/10.1.43/tomcat-embed-el-10.1.43.jar
2026-08-04 14:51:59,366 [BasicRepositoryConnector-repo.maven.apache.org-0-2] INFO  o.e.m.c.i.e.AbstractTransferListenerAdapter - Downloading https://repo.maven.apache.org/maven2/org/apache/tomcat/embed/tomcat-embed-websocket/10.1.43/tomcat-embed-websocket-10.1.43.jar
2026-08-04 14:51:59,421 [BasicRepositoryConnector-repo.maven.apache.org-0-1] INFO  o.e.m.c.i.e.AbstractTransferListenerAdapter - Downloading https://repo.maven.apache.org/maven2/org/springframework/spring-web/6.2.9/spring-web-6.2.9.jar
2026-08-04 14:51:59,852 [BasicRepositoryConnector-repo.maven.apache.org-0-3] INFO  o.e.m.c.i.e.AbstractTransferListenerAdapter - Downloaded https://repo.maven.apache.org/maven2/org/apache/tomcat/embed/tomcat-embed-el/10.1.43/tomcat-embed-el-10.1.43.jar
2026-08-04 14:51:59,897 [BasicRepositoryConnector-repo.maven.apache.org-0-2] INFO  o.e.m.c.i.e.AbstractTransferListenerAdapter - Downloaded https://repo.maven.apache.org/maven2/org/apache/tomcat/embed/tomcat-embed-websocket/10.1.43/tomcat-embed-websocket-10.1.43.jar
2026-08-04 14:52:00,002 [BasicRepositoryConnector-repo.maven.apache.org-0-3] INFO  o.e.m.c.i.e.AbstractTransferListenerAdapter - Downloading https://repo.maven.apache.org/maven2/org/springframework/spring-webmvc/6.2.9/spring-webmvc-6.2.9.jar
2026-08-04 14:52:00,027 [BasicRepositoryConnector-repo.maven.apache.org-0-2] INFO  o.e.m.c.i.e.AbstractTransferListenerAdapter - Downloading https://repo.maven.apache.org/maven2/org/springframework/boot/spring-boot-starter-freemarker/3.5.4/spring-boot-starter-freemarker-3.5.4.jar
2026-08-04 14:52:00,052 [BasicRepositoryConnector-repo.maven.apache.org-0-2] INFO  o.e.m.c.i.e.AbstractTransferListenerAdapter - Downloaded https://repo.maven.apache.org/maven2/org/springframework/boot/spring-boot-starter-freemarker/3.5.4/spring-boot-starter-freemarker-3.5.4.jar
2026-08-04 14:52:00,398 [BasicRepositoryConnector-repo.maven.apache.org-0-2] INFO  o.e.m.c.i.e.AbstractTransferListenerAdapter - Downloading https://repo.maven.apache.org/maven2/org/springframework/spring-context-support/6.2.9/spring-context-support-6.2.9.jar
2026-08-04 14:52:00,691 [BasicRepositoryConnector-repo.maven.apache.org-0-2] INFO  o.e.m.c.i.e.AbstractTransferListenerAdapter - Downloaded https://repo.maven.apache.org/maven2/org/springframework/spring-context-support/6.2.9/spring-context-support-6.2.9.jar
2026-08-04 14:52:00,934 [BasicRepositoryConnector-repo.maven.apache.org-0-2] INFO  o.e.m.c.i.e.AbstractTransferListenerAdapter - Downloading https://repo.maven.apache.org/maven2/org/springframework/cloud/spring-cloud-netflix-eureka-client/4.3.0/spring-cloud-netflix-eureka-client-4.3.0.jar
2026-08-04 14:52:01,226 [BasicRepositoryConnector-repo.maven.apache.org-0-2] INFO  o.e.m.c.i.e.AbstractTransferListenerAdapter - Downloaded https://repo.maven.apache.org/maven2/org/springframework/cloud/spring-cloud-netflix-eureka-client/4.3.0/spring-cloud-netflix-eureka-client-4.3.0.jar
2026-08-04 14:52:01,399 [BasicRepositoryConnector-repo.maven.apache.org-0-2] INFO  o.e.m.c.i.e.AbstractTransferListenerAdapter - Downloading https://repo.maven.apache.org/maven2/com/netflix/eureka/eureka-client/2.0.4/eureka-client-2.0.4.jar
2026-08-04 14:52:01,493 [BasicRepositoryConnector-repo.maven.apache.org-0-1] INFO  o.e.m.c.i.e.AbstractTransferListenerAdapter - Downloaded https://repo.maven.apache.org/maven2/org/springframework/spring-web/6.2.9/spring-web-6.2.9.jar
2026-08-04 14:52:01,620 [BasicRepositoryConnector-repo.maven.apache.org-0-1] INFO  o.e.m.c.i.e.AbstractTransferListenerAdapter - Downloading https://repo.maven.apache.org/maven2/com/thoughtworks/xstream/xstream/1.4.20/xstream-1.4.20.jar
2026-08-04 14:52:02,120 [BasicRepositoryConnector-repo.maven.apache.org-0-3] INFO  o.e.m.c.i.e.AbstractTransferListenerAdapter - Downloaded https://repo.maven.apache.org/maven2/org/springframework/spring-webmvc/6.2.9/spring-webmvc-6.2.9.jar
2026-08-04 14:52:02,141 [BasicRepositoryConnector-repo.maven.apache.org-0-2] INFO  o.e.m.c.i.e.AbstractTransferListenerAdapter - Downloaded https://repo.maven.apache.org/maven2/com/netflix/eureka/eureka-client/2.0.4/eureka-client-2.0.4.jar
2026-08-04 14:52:02,142 [BasicRepositoryConnector-repo.maven.apache.org-0-1] INFO  o.e.m.c.i.e.AbstractTransferListenerAdapter - Downloaded https://repo.maven.apache.org/maven2/com/thoughtworks/xstream/xstream/1.4.20/xstream-1.4.20.jar
2026-08-04 14:52:02,288 [BasicRepositoryConnector-repo.maven.apache.org-0-1] INFO  o.e.m.c.i.e.AbstractTransferListenerAdapter - Downloading https://repo.maven.apache.org/maven2/com/google/code/gson/gson/2.13.1/gson-2.13.1.jar
2026-08-04 14:52:02,288 [BasicRepositoryConnector-repo.maven.apache.org-0-3] INFO  o.e.m.c.i.e.AbstractTransferListenerAdapter - Downloading https://repo.maven.apache.org/maven2/commons-configuration/commons-configuration/1.10/commons-configuration-1.10.jar
2026-08-04 14:52:02,288 [BasicRepositoryConnector-repo.maven.apache.org-0-2] INFO  o.e.m.c.i.e.AbstractTransferListenerAdapter - Downloading https://repo.maven.apache.org/maven2/commons-lang/commons-lang/2.6/commons-lang-2.6.jar
2026-08-04 14:52:02,538 [BasicRepositoryConnector-repo.maven.apache.org-0-1] INFO  o.e.m.c.i.e.AbstractTransferListenerAdapter - Downloaded https://repo.maven.apache.org/maven2/com/google/code/gson/gson/2.13.1/gson-2.13.1.jar
2026-08-04 14:52:02,579 [BasicRepositoryConnector-repo.maven.apache.org-0-0] INFO  o.e.m.c.i.e.AbstractTransferListenerAdapter - Downloaded https://repo.maven.apache.org/maven2/org/apache/tomcat/embed/tomcat-embed-core/10.1.43/tomcat-embed-core-10.1.43.jar
2026-08-04 14:52:02,745 [BasicRepositoryConnector-repo.maven.apache.org-0-0] INFO  o.e.m.c.i.e.AbstractTransferListenerAdapter - Downloading https://repo.maven.apache.org/maven2/org/apache/httpcomponents/core5/httpcore5/5.3.4/httpcore5-5.3.4.jar
2026-08-04 14:52:02,745 [BasicRepositoryConnector-repo.maven.apache.org-0-2] INFO  o.e.m.c.i.e.AbstractTransferListenerAdapter - Downloaded https://repo.maven.apache.org/maven2/commons-lang/commons-lang/2.6/commons-lang-2.6.jar
2026-08-04 14:52:02,754 [BasicRepositoryConnector-repo.maven.apache.org-0-1] INFO  o.e.m.c.i.e.AbstractTransferListenerAdapter - Downloading https://repo.maven.apache.org/maven2/org/apache/httpcomponents/client5/httpclient5/5.5/httpclient5-5.5.jar
2026-08-04 14:52:02,893 [BasicRepositoryConnector-repo.maven.apache.org-0-2] INFO  o.e.m.c.i.e.AbstractTransferListenerAdapter - Downloading https://repo.maven.apache.org/maven2/org/apache/httpcomponents/core5/httpcore5-h2/5.3.4/httpcore5-h2-5.3.4.jar
2026-08-04 14:52:02,894 [BasicRepositoryConnector-repo.maven.apache.org-0-3] INFO  o.e.m.c.i.e.AbstractTransferListenerAdapter - Downloaded https://repo.maven.apache.org/maven2/commons-configuration/commons-configuration/1.10/commons-configuration-1.10.jar
2026-08-04 14:52:02,905 [BasicRepositoryConnector-repo.maven.apache.org-0-4] INFO  o.e.m.c.i.e.AbstractTransferListenerAdapter - Downloaded https://repo.maven.apache.org/maven2/org/bouncycastle/bcprov-jdk18on/1.80/bcprov-jdk18on-1.80.jar
2026-08-04 14:52:03,078 [BasicRepositoryConnector-repo.maven.apache.org-0-3] INFO  o.e.m.c.i.e.AbstractTransferListenerAdapter - Downloading https://repo.maven.apache.org/maven2/com/netflix/eureka/eureka-client-jersey3/2.0.4/eureka-client-jersey3-2.0.4.jar
2026-08-04 14:52:03,079 [BasicRepositoryConnector-repo.maven.apache.org-0-4] INFO  o.e.m.c.i.e.AbstractTransferListenerAdapter - Downloading https://repo.maven.apache.org/maven2/org/glassfish/jersey/connectors/jersey-apache-connector/3.1.10/jersey-apache-connector-3.1.10.jar
2026-08-04 14:52:03,090 [BasicRepositoryConnector-repo.maven.apache.org-0-3] INFO  o.e.m.c.i.e.AbstractTransferListenerAdapter - Downloaded https://repo.maven.apache.org/maven2/com/netflix/eureka/eureka-client-jersey3/2.0.4/eureka-client-jersey3-2.0.4.jar
2026-08-04 14:52:03,091 [BasicRepositoryConnector-repo.maven.apache.org-0-4] INFO  o.e.m.c.i.e.AbstractTransferListenerAdapter - Downloaded https://repo.maven.apache.org/maven2/org/glassfish/jersey/connectors/jersey-apache-connector/3.1.10/jersey-apache-connector-3.1.10.jar
2026-08-04 14:52:03,240 [BasicRepositoryConnector-repo.maven.apache.org-0-4] INFO  o.e.m.c.i.e.AbstractTransferListenerAdapter - Downloading https://repo.maven.apache.org/maven2/com/netflix/eureka/eureka-core-jersey3/2.0.4/eureka-core-jersey3-2.0.4.jar
2026-08-04 14:52:03,265 [BasicRepositoryConnector-repo.maven.apache.org-0-3] INFO  o.e.m.c.i.e.AbstractTransferListenerAdapter - Downloading https://repo.maven.apache.org/maven2/commons-codec/commons-codec/1.18.0/commons-codec-1.18.0.jar
2026-08-04 14:52:03,283 [BasicRepositoryConnector-repo.maven.apache.org-0-4] INFO  o.e.m.c.i.e.AbstractTransferListenerAdapter - Downloaded https://repo.maven.apache.org/maven2/com/netflix/eureka/eureka-core-jersey3/2.0.4/eureka-core-jersey3-2.0.4.jar
2026-08-04 14:52:03,319 [BasicRepositoryConnector-repo.maven.apache.org-0-2] INFO  o.e.m.c.i.e.AbstractTransferListenerAdapter - Downloaded https://repo.maven.apache.org/maven2/org/apache/httpcomponents/core5/httpcore5-h2/5.3.4/httpcore5-h2-5.3.4.jar
2026-08-04 14:52:03,371 [BasicRepositoryConnector-repo.maven.apache.org-0-3] INFO  o.e.m.c.i.e.AbstractTransferListenerAdapter - Downloaded https://repo.maven.apache.org/maven2/commons-codec/commons-codec/1.18.0/commons-codec-1.18.0.jar
2026-08-04 14:52:03,378 [BasicRepositoryConnector-repo.maven.apache.org-0-0] INFO  o.e.m.c.i.e.AbstractTransferListenerAdapter - Downloaded https://repo.maven.apache.org/maven2/org/apache/httpcomponents/core5/httpcore5/5.3.4/httpcore5-5.3.4.jar
2026-08-04 14:52:03,415 [BasicRepositoryConnector-repo.maven.apache.org-0-4] INFO  o.e.m.c.i.e.AbstractTransferListenerAdapter - Downloading https://repo.maven.apache.org/maven2/com/netflix/eureka/eureka-core/2.0.4/eureka-core-2.0.4.jar
2026-08-04 14:52:03,419 [BasicRepositoryConnector-repo.maven.apache.org-0-2] INFO  o.e.m.c.i.e.AbstractTransferListenerAdapter - Downloading https://repo.maven.apache.org/maven2/org/glassfish/jersey/containers/jersey-container-servlet/3.1.10/jersey-container-servlet-3.1.10.jar
2026-08-04 14:52:03,423 [BasicRepositoryConnector-repo.maven.apache.org-0-1] INFO  o.e.m.c.i.e.AbstractTransferListenerAdapter - Downloaded https://repo.maven.apache.org/maven2/org/apache/httpcomponents/client5/httpclient5/5.5/httpclient5-5.5.jar
2026-08-04 14:52:03,468 [BasicRepositoryConnector-repo.maven.apache.org-0-3] INFO  o.e.m.c.i.e.AbstractTransferListenerAdapter - Downloading https://repo.maven.apache.org/maven2/org/glassfish/jersey/containers/jersey-container-servlet-core/3.1.10/jersey-container-servlet-core-3.1.10.jar
2026-08-04 14:52:03,469 [BasicRepositoryConnector-repo.maven.apache.org-0-2] INFO  o.e.m.c.i.e.AbstractTransferListenerAdapter - Downloaded https://repo.maven.apache.org/maven2/org/glassfish/jersey/containers/jersey-container-servlet/3.1.10/jersey-container-servlet-3.1.10.jar
2026-08-04 14:52:03,470 [BasicRepositoryConnector-repo.maven.apache.org-0-0] INFO  o.e.m.c.i.e.AbstractTransferListenerAdapter - Downloading https://repo.maven.apache.org/maven2/org/glassfish/jersey/core/jersey-common/3.1.10/jersey-common-3.1.10.jar
2026-08-04 14:52:03,510 [BasicRepositoryConnector-repo.maven.apache.org-0-3] INFO  o.e.m.c.i.e.AbstractTransferListenerAdapter - Downloaded https://repo.maven.apache.org/maven2/org/glassfish/jersey/containers/jersey-container-servlet-core/3.1.10/jersey-container-servlet-core-3.1.10.jar
2026-08-04 14:52:03,568 [BasicRepositoryConnector-repo.maven.apache.org-0-1] INFO  o.e.m.c.i.e.AbstractTransferListenerAdapter - Downloading https://repo.maven.apache.org/maven2/org/glassfish/hk2/osgi-resource-locator/1.0.3/osgi-resource-locator-1.0.3.jar
2026-08-04 14:52:03,642 [BasicRepositoryConnector-repo.maven.apache.org-0-2] INFO  o.e.m.c.i.e.AbstractTransferListenerAdapter - Downloading https://repo.maven.apache.org/maven2/jakarta/ws/rs/jakarta.ws.rs-api/3.1.0/jakarta.ws.rs-api-3.1.0.jar
2026-08-04 14:52:03,644 [BasicRepositoryConnector-repo.maven.apache.org-0-1] INFO  o.e.m.c.i.e.AbstractTransferListenerAdapter - Downloaded https://repo.maven.apache.org/maven2/org/glassfish/hk2/osgi-resource-locator/1.0.3/osgi-resource-locator-1.0.3.jar
2026-08-04 14:52:03,651 [BasicRepositoryConnector-repo.maven.apache.org-0-3] INFO  o.e.m.c.i.e.AbstractTransferListenerAdapter - Downloading https://repo.maven.apache.org/maven2/org/glassfish/jersey/core/jersey-server/3.1.10/jersey-server-3.1.10.jar
2026-08-04 14:52:03,860 [BasicRepositoryConnector-repo.maven.apache.org-0-4] INFO  o.e.m.c.i.e.AbstractTransferListenerAdapter - Downloaded https://repo.maven.apache.org/maven2/com/netflix/eureka/eureka-core/2.0.4/eureka-core-2.0.4.jar
2026-08-04 14:52:03,870 [BasicRepositoryConnector-repo.maven.apache.org-0-1] INFO  o.e.m.c.i.e.AbstractTransferListenerAdapter - Downloading https://repo.maven.apache.org/maven2/jakarta/validation/jakarta.validation-api/3.0.2/jakarta.validation-api-3.0.2.jar
2026-08-04 14:52:03,881 [BasicRepositoryConnector-repo.maven.apache.org-0-2] INFO  o.e.m.c.i.e.AbstractTransferListenerAdapter - Downloaded https://repo.maven.apache.org/maven2/jakarta/ws/rs/jakarta.ws.rs-api/3.1.0/jakarta.ws.rs-api-3.1.0.jar
2026-08-04 14:52:03,892 [BasicRepositoryConnector-repo.maven.apache.org-0-1] INFO  o.e.m.c.i.e.AbstractTransferListenerAdapter - Downloaded https://repo.maven.apache.org/maven2/jakarta/validation/jakarta.validation-api/3.0.2/jakarta.validation-api-3.0.2.jar
2026-08-04 14:52:03,974 [BasicRepositoryConnector-repo.maven.apache.org-0-3] INFO  o.e.m.c.i.e.AbstractTransferListenerAdapter - Downloaded https://repo.maven.apache.org/maven2/org/glassfish/jersey/core/jersey-server/3.1.10/jersey-server-3.1.10.jar
2026-08-04 14:52:03,981 [BasicRepositoryConnector-repo.maven.apache.org-0-1] INFO  o.e.m.c.i.e.AbstractTransferListenerAdapter - Downloading https://repo.maven.apache.org/maven2/org/glassfish/hk2/hk2-locator/3.0.6/hk2-locator-3.0.6.jar
2026-08-04 14:52:04,013 [BasicRepositoryConnector-repo.maven.apache.org-0-4] INFO  o.e.m.c.i.e.AbstractTransferListenerAdapter - Downloading https://repo.maven.apache.org/maven2/org/glassfish/jersey/core/jersey-client/3.1.10/jersey-client-3.1.10.jar
2026-08-04 14:52:04,037 [BasicRepositoryConnector-repo.maven.apache.org-0-2] INFO  o.e.m.c.i.e.AbstractTransferListenerAdapter - Downloading https://repo.maven.apache.org/maven2/org/glassfish/jersey/inject/jersey-hk2/3.1.10/jersey-hk2-3.1.10.jar
2026-08-04 14:52:04,065 [BasicRepositoryConnector-repo.maven.apache.org-0-3] INFO  o.e.m.c.i.e.AbstractTransferListenerAdapter - Downloading https://repo.maven.apache.org/maven2/org/glassfish/hk2/hk2-utils/3.0.6/hk2-utils-3.0.6.jar
2026-08-04 14:52:04,123 [BasicRepositoryConnector-repo.maven.apache.org-0-3] INFO  o.e.m.c.i.e.AbstractTransferListenerAdapter - Downloaded https://repo.maven.apache.org/maven2/org/glassfish/hk2/hk2-utils/3.0.6/hk2-utils-3.0.6.jar
2026-08-04 14:52:04,123 [BasicRepositoryConnector-repo.maven.apache.org-0-2] INFO  o.e.m.c.i.e.AbstractTransferListenerAdapter - Downloaded https://repo.maven.apache.org/maven2/org/glassfish/jersey/inject/jersey-hk2/3.1.10/jersey-hk2-3.1.10.jar
2026-08-04 14:52:04,136 [BasicRepositoryConnector-repo.maven.apache.org-0-1] INFO  o.e.m.c.i.e.AbstractTransferListenerAdapter - Downloaded https://repo.maven.apache.org/maven2/org/glassfish/hk2/hk2-locator/3.0.6/hk2-locator-3.0.6.jar
2026-08-04 14:52:04,247 [BasicRepositoryConnector-repo.maven.apache.org-0-2] INFO  o.e.m.c.i.e.AbstractTransferListenerAdapter - Downloading https://repo.maven.apache.org/maven2/org/springframework/cloud/spring-cloud-starter-loadbalancer/4.3.0/spring-cloud-starter-loadbalancer-4.3.0.jar
2026-08-04 14:52:04,270 [BasicRepositoryConnector-repo.maven.apache.org-0-1] INFO  o.e.m.c.i.e.AbstractTransferListenerAdapter - Downloading https://repo.maven.apache.org/maven2/org/springframework/cloud/spring-cloud-loadbalancer/4.3.0/spring-cloud-loadbalancer-4.3.0.jar
2026-08-04 14:52:04,270 [BasicRepositoryConnector-repo.maven.apache.org-0-3] INFO  o.e.m.c.i.e.AbstractTransferListenerAdapter - Downloading https://repo.maven.apache.org/maven2/com/fasterxml/jackson/dataformat/jackson-dataformat-xml/2.19.2/jackson-dataformat-xml-2.19.2.jar
2026-08-04 14:52:04,273 [BasicRepositoryConnector-repo.maven.apache.org-0-2] INFO  o.e.m.c.i.e.AbstractTransferListenerAdapter - Downloaded https://repo.maven.apache.org/maven2/org/springframework/cloud/spring-cloud-starter-loadbalancer/4.3.0/spring-cloud-starter-loadbalancer-4.3.0.jar
2026-08-04 14:52:04,316 [BasicRepositoryConnector-repo.maven.apache.org-0-3] INFO  o.e.m.c.i.e.AbstractTransferListenerAdapter - Downloaded https://repo.maven.apache.org/maven2/com/fasterxml/jackson/dataformat/jackson-dataformat-xml/2.19.2/jackson-dataformat-xml-2.19.2.jar
2026-08-04 14:52:04,343 [BasicRepositoryConnector-repo.maven.apache.org-0-1] INFO  o.e.m.c.i.e.AbstractTransferListenerAdapter - Downloaded https://repo.maven.apache.org/maven2/org/springframework/cloud/spring-cloud-loadbalancer/4.3.0/spring-cloud-loadbalancer-4.3.0.jar
2026-08-04 14:52:04,607 [BasicRepositoryConnector-repo.maven.apache.org-0-2] INFO  o.e.m.c.i.e.AbstractTransferListenerAdapter - Downloading https://repo.maven.apache.org/maven2/io/projectreactor/reactor-core/3.7.8/reactor-core-3.7.8.jar
2026-08-04 14:52:04,785 [BasicRepositoryConnector-repo.maven.apache.org-0-4] INFO  o.e.m.c.i.e.AbstractTransferListenerAdapter - Downloaded https://repo.maven.apache.org/maven2/org/glassfish/jersey/core/jersey-client/3.1.10/jersey-client-3.1.10.jar
2026-08-04 14:52:04,836 [BasicRepositoryConnector-repo.maven.apache.org-0-1] INFO  o.e.m.c.i.e.AbstractTransferListenerAdapter - Downloading https://repo.maven.apache.org/maven2/org/springframework/boot/spring-boot-starter-cache/3.5.4/spring-boot-starter-cache-3.5.4.jar
2026-08-04 14:52:04,841 [BasicRepositoryConnector-repo.maven.apache.org-0-1] INFO  o.e.m.c.i.e.AbstractTransferListenerAdapter - Downloaded https://repo.maven.apache.org/maven2/org/springframework/boot/spring-boot-starter-cache/3.5.4/spring-boot-starter-cache-3.5.4.jar
2026-08-04 14:52:04,866 [BasicRepositoryConnector-repo.maven.apache.org-0-3] INFO  o.e.m.c.i.e.AbstractTransferListenerAdapter - Downloading https://repo.maven.apache.org/maven2/io/projectreactor/addons/reactor-extra/3.5.2/reactor-extra-3.5.2.jar
2026-08-04 14:52:04,871 [BasicRepositoryConnector-repo.maven.apache.org-0-0] INFO  o.e.m.c.i.e.AbstractTransferListenerAdapter - Downloaded https://repo.maven.apache.org/maven2/org/glassfish/jersey/core/jersey-common/3.1.10/jersey-common-3.1.10.jar
2026-08-04 14:52:04,885 [BasicRepositoryConnector-repo.maven.apache.org-0-3] INFO  o.e.m.c.i.e.AbstractTransferListenerAdapter - Downloaded https://repo.maven.apache.org/maven2/io/projectreactor/addons/reactor-extra/3.5.2/reactor-extra-3.5.2.jar
2026-08-04 14:52:04,959 [BasicRepositoryConnector-repo.maven.apache.org-0-4] INFO  o.e.m.c.i.e.AbstractTransferListenerAdapter - Downloading https://repo.maven.apache.org/maven2/org/glassfish/jaxb/jaxb-runtime/4.0.5/jaxb-runtime-4.0.5.jar
2026-08-04 14:52:04,991 [BasicRepositoryConnector-repo.maven.apache.org-0-0] INFO  o.e.m.c.i.e.AbstractTransferListenerAdapter - Downloading https://repo.maven.apache.org/maven2/org/eclipse/angus/angus-activation/2.0.2/angus-activation-2.0.2.jar
2026-08-04 14:52:05,044 [BasicRepositoryConnector-repo.maven.apache.org-0-3] INFO  o.e.m.c.i.e.AbstractTransferListenerAdapter - Downloading https://repo.maven.apache.org/maven2/org/glassfish/jaxb/txw2/4.0.5/txw2-4.0.5.jar
2026-08-04 14:52:05,049 [BasicRepositoryConnector-repo.maven.apache.org-0-1] INFO  o.e.m.c.i.e.AbstractTransferListenerAdapter - Downloading https://repo.maven.apache.org/maven2/org/glassfish/jaxb/jaxb-core/4.0.5/jaxb-core-4.0.5.jar
2026-08-04 14:52:05,072 [BasicRepositoryConnector-repo.maven.apache.org-0-0] INFO  o.e.m.c.i.e.AbstractTransferListenerAdapter - Downloaded https://repo.maven.apache.org/maven2/org/eclipse/angus/angus-activation/2.0.2/angus-activation-2.0.2.jar
2026-08-04 14:52:05,080 [BasicRepositoryConnector-repo.maven.apache.org-0-3] INFO  o.e.m.c.i.e.AbstractTransferListenerAdapter - Downloaded https://repo.maven.apache.org/maven2/org/glassfish/jaxb/txw2/4.0.5/txw2-4.0.5.jar
2026-08-04 14:52:05,106 [BasicRepositoryConnector-repo.maven.apache.org-0-1] INFO  o.e.m.c.i.e.AbstractTransferListenerAdapter - Downloaded https://repo.maven.apache.org/maven2/org/glassfish/jaxb/jaxb-core/4.0.5/jaxb-core-4.0.5.jar
2026-08-04 14:52:05,257 [BasicRepositoryConnector-repo.maven.apache.org-0-0] INFO  o.e.m.c.i.e.AbstractTransferListenerAdapter - Downloading https://repo.maven.apache.org/maven2/org/springframework/boot/spring-boot-starter-actuator/3.5.4/spring-boot-starter-actuator-3.5.4.jar
2026-08-04 14:52:05,257 [BasicRepositoryConnector-repo.maven.apache.org-0-3] INFO  o.e.m.c.i.e.AbstractTransferListenerAdapter - Downloading https://repo.maven.apache.org/maven2/org/springframework/boot/spring-boot-starter/3.5.4/spring-boot-starter-3.5.4.jar
2026-08-04 14:52:05,283 [BasicRepositoryConnector-repo.maven.apache.org-0-1] INFO  o.e.m.c.i.e.AbstractTransferListenerAdapter - Downloading https://repo.maven.apache.org/maven2/org/springframework/boot/spring-boot-starter-logging/3.5.4/spring-boot-starter-logging-3.5.4.jar
2026-08-04 14:52:05,283 [BasicRepositoryConnector-repo.maven.apache.org-0-3] INFO  o.e.m.c.i.e.AbstractTransferListenerAdapter - Downloaded https://repo.maven.apache.org/maven2/org/springframework/boot/spring-boot-starter/3.5.4/spring-boot-starter-3.5.4.jar
2026-08-04 14:52:05,283 [BasicRepositoryConnector-repo.maven.apache.org-0-0] INFO  o.e.m.c.i.e.AbstractTransferListenerAdapter - Downloaded https://repo.maven.apache.org/maven2/org/springframework/boot/spring-boot-starter-actuator/3.5.4/spring-boot-starter-actuator-3.5.4.jar
2026-08-04 14:52:05,285 [BasicRepositoryConnector-repo.maven.apache.org-0-1] INFO  o.e.m.c.i.e.AbstractTransferListenerAdapter - Downloaded https://repo.maven.apache.org/maven2/org/springframework/boot/spring-boot-starter-logging/3.5.4/spring-boot-starter-logging-3.5.4.jar
2026-08-04 14:52:05,391 [BasicRepositoryConnector-repo.maven.apache.org-0-1] INFO  o.e.m.c.i.e.AbstractTransferListenerAdapter - Downloading https://repo.maven.apache.org/maven2/org/apache/logging/log4j/log4j-to-slf4j/2.24.3/log4j-to-slf4j-2.24.3.jar
2026-08-04 14:52:05,391 [BasicRepositoryConnector-repo.maven.apache.org-0-0] INFO  o.e.m.c.i.e.AbstractTransferListenerAdapter - Downloading https://repo.maven.apache.org/maven2/ch/qos/logback/logback-core/1.5.18/logback-core-1.5.18.jar
2026-08-04 14:52:05,442 [BasicRepositoryConnector-repo.maven.apache.org-0-3] INFO  o.e.m.c.i.e.AbstractTransferListenerAdapter - Downloading https://repo.maven.apache.org/maven2/ch/qos/logback/logback-classic/1.5.18/logback-classic-1.5.18.jar
2026-08-04 14:52:05,444 [BasicRepositoryConnector-repo.maven.apache.org-0-1] INFO  o.e.m.c.i.e.AbstractTransferListenerAdapter - Downloaded https://repo.maven.apache.org/maven2/org/apache/logging/log4j/log4j-to-slf4j/2.24.3/log4j-to-slf4j-2.24.3.jar
2026-08-04 14:52:05,590 [BasicRepositoryConnector-repo.maven.apache.org-0-1] INFO  o.e.m.c.i.e.AbstractTransferListenerAdapter - Downloading https://repo.maven.apache.org/maven2/org/apache/logging/log4j/log4j-api/2.24.3/log4j-api-2.24.3.jar
2026-08-04 14:52:05,684 [BasicRepositoryConnector-repo.maven.apache.org-0-3] INFO  o.e.m.c.i.e.AbstractTransferListenerAdapter - Downloaded https://repo.maven.apache.org/maven2/ch/qos/logback/logback-classic/1.5.18/logback-classic-1.5.18.jar
2026-08-04 14:52:05,760 [BasicRepositoryConnector-repo.maven.apache.org-0-1] INFO  o.e.m.c.i.e.AbstractTransferListenerAdapter - Downloaded https://repo.maven.apache.org/maven2/org/apache/logging/log4j/log4j-api/2.24.3/log4j-api-2.24.3.jar
2026-08-04 14:52:05,810 [BasicRepositoryConnector-repo.maven.apache.org-0-0] INFO  o.e.m.c.i.e.AbstractTransferListenerAdapter - Downloaded https://repo.maven.apache.org/maven2/ch/qos/logback/logback-core/1.5.18/logback-core-1.5.18.jar
2026-08-04 14:52:05,815 [BasicRepositoryConnector-repo.maven.apache.org-0-3] INFO  o.e.m.c.i.e.AbstractTransferListenerAdapter - Downloading https://repo.maven.apache.org/maven2/org/slf4j/jul-to-slf4j/2.0.17/jul-to-slf4j-2.0.17.jar
2026-08-04 14:52:05,817 [BasicRepositoryConnector-repo.maven.apache.org-0-3] INFO  o.e.m.c.i.e.AbstractTransferListenerAdapter - Downloaded https://repo.maven.apache.org/maven2/org/slf4j/jul-to-slf4j/2.0.17/jul-to-slf4j-2.0.17.jar
2026-08-04 14:52:05,874 [BasicRepositoryConnector-repo.maven.apache.org-0-1] INFO  o.e.m.c.i.e.AbstractTransferListenerAdapter - Downloading https://repo.maven.apache.org/maven2/jakarta/annotation/jakarta.annotation-api/2.1.1/jakarta.annotation-api-2.1.1.jar
2026-08-04 14:52:05,878 [BasicRepositoryConnector-repo.maven.apache.org-0-1] INFO  o.e.m.c.i.e.AbstractTransferListenerAdapter - Downloaded https://repo.maven.apache.org/maven2/jakarta/annotation/jakarta.annotation-api/2.1.1/jakarta.annotation-api-2.1.1.jar
2026-08-04 14:52:05,883 [BasicRepositoryConnector-repo.maven.apache.org-0-0] INFO  o.e.m.c.i.e.AbstractTransferListenerAdapter - Downloading https://repo.maven.apache.org/maven2/org/springframework/boot/spring-boot-actuator-autoconfigure/3.5.4/spring-boot-actuator-autoconfigure-3.5.4.jar
2026-08-04 14:52:06,007 [BasicRepositoryConnector-repo.maven.apache.org-0-3] INFO  o.e.m.c.i.e.AbstractTransferListenerAdapter - Downloading https://repo.maven.apache.org/maven2/org/springframework/boot/spring-boot-actuator/3.5.4/spring-boot-actuator-3.5.4.jar
2026-08-04 14:52:06,037 [BasicRepositoryConnector-repo.maven.apache.org-0-1] INFO  o.e.m.c.i.e.AbstractTransferListenerAdapter - Downloading https://repo.maven.apache.org/maven2/com/fasterxml/jackson/datatype/jackson-datatype-jsr310/2.19.2/jackson-datatype-jsr310-2.19.2.jar
2026-08-04 14:52:06,077 [BasicRepositoryConnector-repo.maven.apache.org-0-1] INFO  o.e.m.c.i.e.AbstractTransferListenerAdapter - Downloaded https://repo.maven.apache.org/maven2/com/fasterxml/jackson/datatype/jackson-datatype-jsr310/2.19.2/jackson-datatype-jsr310-2.19.2.jar
2026-08-04 14:52:06,295 [BasicRepositoryConnector-repo.maven.apache.org-0-1] INFO  o.e.m.c.i.e.AbstractTransferListenerAdapter - Downloading https://repo.maven.apache.org/maven2/io/micrometer/micrometer-observation/1.15.2/micrometer-observation-1.15.2.jar
2026-08-04 14:52:06,335 [BasicRepositoryConnector-repo.maven.apache.org-0-4] INFO  o.e.m.c.i.e.AbstractTransferListenerAdapter - Downloaded https://repo.maven.apache.org/maven2/org/glassfish/jaxb/jaxb-runtime/4.0.5/jaxb-runtime-4.0.5.jar
2026-08-04 14:52:06,335 [BasicRepositoryConnector-repo.maven.apache.org-0-1] INFO  o.e.m.c.i.e.AbstractTransferListenerAdapter - Downloaded https://repo.maven.apache.org/maven2/io/micrometer/micrometer-observation/1.15.2/micrometer-observation-1.15.2.jar
2026-08-04 14:52:06,443 [BasicRepositoryConnector-repo.maven.apache.org-0-4] INFO  o.e.m.c.i.e.AbstractTransferListenerAdapter - Downloading https://repo.maven.apache.org/maven2/io/micrometer/micrometer-commons/1.15.2/micrometer-commons-1.15.2.jar
2026-08-04 14:52:06,461 [BasicRepositoryConnector-repo.maven.apache.org-0-4] INFO  o.e.m.c.i.e.AbstractTransferListenerAdapter - Downloaded https://repo.maven.apache.org/maven2/io/micrometer/micrometer-commons/1.15.2/micrometer-commons-1.15.2.jar
2026-08-04 14:52:06,465 [BasicRepositoryConnector-repo.maven.apache.org-0-1] INFO  o.e.m.c.i.e.AbstractTransferListenerAdapter - Downloading https://repo.maven.apache.org/maven2/io/micrometer/micrometer-jakarta9/1.15.2/micrometer-jakarta9-1.15.2.jar
2026-08-04 14:52:06,476 [BasicRepositoryConnector-repo.maven.apache.org-0-1] INFO  o.e.m.c.i.e.AbstractTransferListenerAdapter - Downloaded https://repo.maven.apache.org/maven2/io/micrometer/micrometer-jakarta9/1.15.2/micrometer-jakarta9-1.15.2.jar
2026-08-04 14:52:06,836 [BasicRepositoryConnector-repo.maven.apache.org-0-4] INFO  o.e.m.c.i.e.AbstractTransferListenerAdapter - Downloading https://repo.maven.apache.org/maven2/io/micrometer/micrometer-core/1.15.2/micrometer-core-1.15.2.jar
2026-08-04 14:52:06,871 [BasicRepositoryConnector-repo.maven.apache.org-0-0] INFO  o.e.m.c.i.e.AbstractTransferListenerAdapter - Downloaded https://repo.maven.apache.org/maven2/org/springframework/boot/spring-boot-actuator-autoconfigure/3.5.4/spring-boot-actuator-autoconfigure-3.5.4.jar
2026-08-04 14:52:06,878 [BasicRepositoryConnector-repo.maven.apache.org-0-1] INFO  o.e.m.c.i.e.AbstractTransferListenerAdapter - Downloading https://repo.maven.apache.org/maven2/org/springframework/boot/spring-boot-devtools/3.5.4/spring-boot-devtools-3.5.4.jar
2026-08-04 14:52:06,985 [BasicRepositoryConnector-repo.maven.apache.org-0-3] INFO  o.e.m.c.i.e.AbstractTransferListenerAdapter - Downloaded https://repo.maven.apache.org/maven2/org/springframework/boot/spring-boot-actuator/3.5.4/spring-boot-actuator-3.5.4.jar
2026-08-04 14:52:07,094 [BasicRepositoryConnector-repo.maven.apache.org-0-0] INFO  o.e.m.c.i.e.AbstractTransferListenerAdapter - Downloading https://repo.maven.apache.org/maven2/org/springframework/boot/spring-boot/3.5.4/spring-boot-3.5.4.jar
2026-08-04 14:52:07,121 [BasicRepositoryConnector-repo.maven.apache.org-0-3] INFO  o.e.m.c.i.e.AbstractTransferListenerAdapter - Downloading https://repo.maven.apache.org/maven2/org/springframework/spring-context/6.2.9/spring-context-6.2.9.jar
2026-08-04 14:52:07,229 [BasicRepositoryConnector-repo.maven.apache.org-0-1] INFO  o.e.m.c.i.e.AbstractTransferListenerAdapter - Downloaded https://repo.maven.apache.org/maven2/org/springframework/boot/spring-boot-devtools/3.5.4/spring-boot-devtools-3.5.4.jar
2026-08-04 14:52:07,256 [BasicRepositoryConnector-repo.maven.apache.org-0-4] INFO  o.e.m.c.i.e.AbstractTransferListenerAdapter - Downloaded https://repo.maven.apache.org/maven2/io/micrometer/micrometer-core/1.15.2/micrometer-core-1.15.2.jar
2026-08-04 14:52:07,398 [BasicRepositoryConnector-repo.maven.apache.org-0-4] INFO  o.e.m.c.i.e.AbstractTransferListenerAdapter - Downloading https://repo.maven.apache.org/maven2/org/springframework/spring-beans/6.2.9/spring-beans-6.2.9.jar
2026-08-04 14:52:07,405 [BasicRepositoryConnector-repo.maven.apache.org-0-1] INFO  o.e.m.c.i.e.AbstractTransferListenerAdapter - Downloading https://repo.maven.apache.org/maven2/org/springframework/spring-aop/6.2.9/spring-aop-6.2.9.jar
2026-08-04 14:52:08,075 [BasicRepositoryConnector-repo.maven.apache.org-0-2] INFO  o.e.m.c.i.e.AbstractTransferListenerAdapter - Downloaded https://repo.maven.apache.org/maven2/io/projectreactor/reactor-core/3.7.8/reactor-core-3.7.8.jar
2026-08-04 14:52:08,209 [BasicRepositoryConnector-repo.maven.apache.org-0-1] INFO  o.e.m.c.i.e.AbstractTransferListenerAdapter - Downloaded https://repo.maven.apache.org/maven2/org/springframework/spring-aop/6.2.9/spring-aop-6.2.9.jar
2026-08-04 14:52:08,215 [BasicRepositoryConnector-repo.maven.apache.org-0-4] INFO  o.e.m.c.i.e.AbstractTransferListenerAdapter - Downloaded https://repo.maven.apache.org/maven2/org/springframework/spring-beans/6.2.9/spring-beans-6.2.9.jar
2026-08-04 14:52:08,266 [BasicRepositoryConnector-repo.maven.apache.org-0-2] INFO  o.e.m.c.i.e.AbstractTransferListenerAdapter - Downloading https://repo.maven.apache.org/maven2/org/springframework/spring-expression/6.2.9/spring-expression-6.2.9.jar
2026-08-04 14:52:08,357 [BasicRepositoryConnector-repo.maven.apache.org-0-4] INFO  o.e.m.c.i.e.AbstractTransferListenerAdapter - Downloading https://repo.maven.apache.org/maven2/org/springframework/boot/spring-boot-starter-test/3.5.4/spring-boot-starter-test-3.5.4.jar
2026-08-04 14:52:08,382 [BasicRepositoryConnector-repo.maven.apache.org-0-1] INFO  o.e.m.c.i.e.AbstractTransferListenerAdapter - Downloading https://repo.maven.apache.org/maven2/org/springframework/boot/spring-boot-autoconfigure/3.5.4/spring-boot-autoconfigure-3.5.4.jar
2026-08-04 14:52:08,384 [BasicRepositoryConnector-repo.maven.apache.org-0-4] INFO  o.e.m.c.i.e.AbstractTransferListenerAdapter - Downloaded https://repo.maven.apache.org/maven2/org/springframework/boot/spring-boot-starter-test/3.5.4/spring-boot-starter-test-3.5.4.jar
2026-08-04 14:52:08,607 [BasicRepositoryConnector-repo.maven.apache.org-0-4] INFO  o.e.m.c.i.e.AbstractTransferListenerAdapter - Downloading https://repo.maven.apache.org/maven2/org/springframework/boot/spring-boot-test/3.5.4/spring-boot-test-3.5.4.jar
2026-08-04 14:52:08,609 [BasicRepositoryConnector-repo.maven.apache.org-0-0] INFO  o.e.m.c.i.e.AbstractTransferListenerAdapter - Downloaded https://repo.maven.apache.org/maven2/org/springframework/boot/spring-boot/3.5.4/spring-boot-3.5.4.jar
2026-08-04 14:52:08,769 [BasicRepositoryConnector-repo.maven.apache.org-0-0] INFO  o.e.m.c.i.e.AbstractTransferListenerAdapter - Downloading https://repo.maven.apache.org/maven2/org/springframework/boot/spring-boot-test-autoconfigure/3.5.4/spring-boot-test-autoconfigure-3.5.4.jar
2026-08-04 14:52:08,869 [BasicRepositoryConnector-repo.maven.apache.org-0-2] INFO  o.e.m.c.i.e.AbstractTransferListenerAdapter - Downloaded https://repo.maven.apache.org/maven2/org/springframework/spring-expression/6.2.9/spring-expression-6.2.9.jar
2026-08-04 14:52:08,870 [BasicRepositoryConnector-repo.maven.apache.org-0-3] INFO  o.e.m.c.i.e.AbstractTransferListenerAdapter - Downloaded https://repo.maven.apache.org/maven2/org/springframework/spring-context/6.2.9/spring-context-6.2.9.jar
2026-08-04 14:52:08,870 [BasicRepositoryConnector-repo.maven.apache.org-0-0] INFO  o.e.m.c.i.e.AbstractTransferListenerAdapter - Downloaded https://repo.maven.apache.org/maven2/org/springframework/boot/spring-boot-test-autoconfigure/3.5.4/spring-boot-test-autoconfigure-3.5.4.jar
2026-08-04 14:52:09,064 [BasicRepositoryConnector-repo.maven.apache.org-0-2] INFO  o.e.m.c.i.e.AbstractTransferListenerAdapter - Downloading https://repo.maven.apache.org/maven2/com/jayway/jsonpath/json-path/2.9.0/json-path-2.9.0.jar
2026-08-04 14:52:09,065 [BasicRepositoryConnector-repo.maven.apache.org-0-0] INFO  o.e.m.c.i.e.AbstractTransferListenerAdapter - Downloading https://repo.maven.apache.org/maven2/jakarta/xml/bind/jakarta.xml.bind-api/4.0.2/jakarta.xml.bind-api-4.0.2.jar
2026-08-04 14:52:09,078 [BasicRepositoryConnector-repo.maven.apache.org-0-3] INFO  o.e.m.c.i.e.AbstractTransferListenerAdapter - Downloading https://repo.maven.apache.org/maven2/org/slf4j/slf4j-api/2.0.17/slf4j-api-2.0.17.jar
2026-08-04 14:52:09,157 [BasicRepositoryConnector-repo.maven.apache.org-0-3] INFO  o.e.m.c.i.e.AbstractTransferListenerAdapter - Downloaded https://repo.maven.apache.org/maven2/org/slf4j/slf4j-api/2.0.17/slf4j-api-2.0.17.jar
2026-08-04 14:52:09,217 [BasicRepositoryConnector-repo.maven.apache.org-0-0] INFO  o.e.m.c.i.e.AbstractTransferListenerAdapter - Downloaded https://repo.maven.apache.org/maven2/jakarta/xml/bind/jakarta.xml.bind-api/4.0.2/jakarta.xml.bind-api-4.0.2.jar
2026-08-04 14:52:09,218 [BasicRepositoryConnector-repo.maven.apache.org-0-2] INFO  o.e.m.c.i.e.AbstractTransferListenerAdapter - Downloaded https://repo.maven.apache.org/maven2/com/jayway/jsonpath/json-path/2.9.0/json-path-2.9.0.jar
2026-08-04 14:52:09,397 [BasicRepositoryConnector-repo.maven.apache.org-0-3] INFO  o.e.m.c.i.e.AbstractTransferListenerAdapter - Downloading https://repo.maven.apache.org/maven2/jakarta/activation/jakarta.activation-api/2.1.3/jakarta.activation-api-2.1.3.jar
2026-08-04 14:52:09,404 [BasicRepositoryConnector-repo.maven.apache.org-0-2] INFO  o.e.m.c.i.e.AbstractTransferListenerAdapter - Downloading https://repo.maven.apache.org/maven2/net/minidev/accessors-smart/2.5.2/accessors-smart-2.5.2.jar
2026-08-04 14:52:09,407 [BasicRepositoryConnector-repo.maven.apache.org-0-2] INFO  o.e.m.c.i.e.AbstractTransferListenerAdapter - Downloaded https://repo.maven.apache.org/maven2/net/minidev/accessors-smart/2.5.2/accessors-smart-2.5.2.jar
2026-08-04 14:52:09,410 [BasicRepositoryConnector-repo.maven.apache.org-0-0] INFO  o.e.m.c.i.e.AbstractTransferListenerAdapter - Downloading https://repo.maven.apache.org/maven2/net/minidev/json-smart/2.5.2/json-smart-2.5.2.jar
2026-08-04 14:52:09,453 [BasicRepositoryConnector-repo.maven.apache.org-0-3] INFO  o.e.m.c.i.e.AbstractTransferListenerAdapter - Downloaded https://repo.maven.apache.org/maven2/jakarta/activation/jakarta.activation-api/2.1.3/jakarta.activation-api-2.1.3.jar
2026-08-04 14:52:09,469 [BasicRepositoryConnector-repo.maven.apache.org-0-0] INFO  o.e.m.c.i.e.AbstractTransferListenerAdapter - Downloaded https://repo.maven.apache.org/maven2/net/minidev/json-smart/2.5.2/json-smart-2.5.2.jar
2026-08-04 14:52:09,480 [BasicRepositoryConnector-repo.maven.apache.org-0-4] INFO  o.e.m.c.i.e.AbstractTransferListenerAdapter - Downloaded https://repo.maven.apache.org/maven2/org/springframework/boot/spring-boot-test/3.5.4/spring-boot-test-3.5.4.jar
2026-08-04 14:52:09,486 [BasicRepositoryConnector-repo.maven.apache.org-0-2] INFO  o.e.m.c.i.e.AbstractTransferListenerAdapter - Downloading https://repo.maven.apache.org/maven2/org/assertj/assertj-core/3.27.3/assertj-core-3.27.3.jar
2026-08-04 14:52:09,560 [BasicRepositoryConnector-repo.maven.apache.org-0-0] INFO  o.e.m.c.i.e.AbstractTransferListenerAdapter - Downloading https://repo.maven.apache.org/maven2/org/awaitility/awaitility/4.2.2/awaitility-4.2.2.jar
2026-08-04 14:52:09,570 [BasicRepositoryConnector-repo.maven.apache.org-0-3] INFO  o.e.m.c.i.e.AbstractTransferListenerAdapter - Downloading https://repo.maven.apache.org/maven2/net/bytebuddy/byte-buddy/1.17.6/byte-buddy-1.17.6.jar
2026-08-04 14:52:09,596 [BasicRepositoryConnector-repo.maven.apache.org-0-4] INFO  o.e.m.c.i.e.AbstractTransferListenerAdapter - Downloading https://repo.maven.apache.org/maven2/org/junit/jupiter/junit-jupiter/5.12.2/junit-jupiter-5.12.2.jar
2026-08-04 14:52:09,599 [BasicRepositoryConnector-repo.maven.apache.org-0-4] INFO  o.e.m.c.i.e.AbstractTransferListenerAdapter - Downloaded https://repo.maven.apache.org/maven2/org/junit/jupiter/junit-jupiter/5.12.2/junit-jupiter-5.12.2.jar
2026-08-04 14:52:09,701 [BasicRepositoryConnector-repo.maven.apache.org-0-0] INFO  o.e.m.c.i.e.AbstractTransferListenerAdapter - Downloaded https://repo.maven.apache.org/maven2/org/awaitility/awaitility/4.2.2/awaitility-4.2.2.jar
2026-08-04 14:52:09,770 [BasicRepositoryConnector-repo.maven.apache.org-0-1] INFO  o.e.m.c.i.e.AbstractTransferListenerAdapter - Downloaded https://repo.maven.apache.org/maven2/org/springframework/boot/spring-boot-autoconfigure/3.5.4/spring-boot-autoconfigure-3.5.4.jar
2026-08-04 14:52:09,777 [BasicRepositoryConnector-repo.maven.apache.org-0-4] INFO  o.e.m.c.i.e.AbstractTransferListenerAdapter - Downloading https://repo.maven.apache.org/maven2/org/junit/jupiter/junit-jupiter-api/5.12.2/junit-jupiter-api-5.12.2.jar
2026-08-04 14:52:09,830 [BasicRepositoryConnector-repo.maven.apache.org-0-0] INFO  o.e.m.c.i.e.AbstractTransferListenerAdapter - Downloading https://repo.maven.apache.org/maven2/org/junit/platform/junit-platform-commons/1.12.2/junit-platform-commons-1.12.2.jar
2026-08-04 14:52:09,934 [BasicRepositoryConnector-repo.maven.apache.org-0-1] INFO  o.e.m.c.i.e.AbstractTransferListenerAdapter - Downloading https://repo.maven.apache.org/maven2/org/junit/jupiter/junit-jupiter-params/5.12.2/junit-jupiter-params-5.12.2.jar
2026-08-04 14:52:10,083 [BasicRepositoryConnector-repo.maven.apache.org-0-0] INFO  o.e.m.c.i.e.AbstractTransferListenerAdapter - Downloaded https://repo.maven.apache.org/maven2/org/junit/platform/junit-platform-commons/1.12.2/junit-platform-commons-1.12.2.jar
2026-08-04 14:52:10,201 [BasicRepositoryConnector-repo.maven.apache.org-0-4] INFO  o.e.m.c.i.e.AbstractTransferListenerAdapter - Downloaded https://repo.maven.apache.org/maven2/org/junit/jupiter/junit-jupiter-api/5.12.2/junit-jupiter-api-5.12.2.jar
2026-08-04 14:52:10,243 [BasicRepositoryConnector-repo.maven.apache.org-0-0] INFO  o.e.m.c.i.e.AbstractTransferListenerAdapter - Downloading https://repo.maven.apache.org/maven2/org/junit/jupiter/junit-jupiter-engine/5.12.2/junit-jupiter-engine-5.12.2.jar
2026-08-04 14:52:10,267 [BasicRepositoryConnector-repo.maven.apache.org-0-1] INFO  o.e.m.c.i.e.AbstractTransferListenerAdapter - Downloaded https://repo.maven.apache.org/maven2/org/junit/jupiter/junit-jupiter-params/5.12.2/junit-jupiter-params-5.12.2.jar
2026-08-04 14:52:10,380 [BasicRepositoryConnector-repo.maven.apache.org-0-4] INFO  o.e.m.c.i.e.AbstractTransferListenerAdapter - Downloading https://repo.maven.apache.org/maven2/org/junit/platform/junit-platform-engine/1.12.2/junit-platform-engine-1.12.2.jar
2026-08-04 14:52:10,484 [BasicRepositoryConnector-repo.maven.apache.org-0-1] INFO  o.e.m.c.i.e.AbstractTransferListenerAdapter - Downloading https://repo.maven.apache.org/maven2/org/mockito/mockito-core/5.17.0/mockito-core-5.17.0.jar
2026-08-04 14:52:10,560 [BasicRepositoryConnector-repo.maven.apache.org-0-2] INFO  o.e.m.c.i.e.AbstractTransferListenerAdapter - Downloaded https://repo.maven.apache.org/maven2/org/assertj/assertj-core/3.27.3/assertj-core-3.27.3.jar
2026-08-04 14:52:10,633 [BasicRepositoryConnector-repo.maven.apache.org-0-0] INFO  o.e.m.c.i.e.AbstractTransferListenerAdapter - Downloaded https://repo.maven.apache.org/maven2/org/junit/jupiter/junit-jupiter-engine/5.12.2/junit-jupiter-engine-5.12.2.jar
2026-08-04 14:52:10,726 [BasicRepositoryConnector-repo.maven.apache.org-0-2] INFO  o.e.m.c.i.e.AbstractTransferListenerAdapter - Downloading https://repo.maven.apache.org/maven2/net/bytebuddy/byte-buddy-agent/1.17.6/byte-buddy-agent-1.17.6.jar
2026-08-04 14:52:10,794 [BasicRepositoryConnector-repo.maven.apache.org-0-0] INFO  o.e.m.c.i.e.AbstractTransferListenerAdapter - Downloading https://repo.maven.apache.org/maven2/org/mockito/mockito-junit-jupiter/5.17.0/mockito-junit-jupiter-5.17.0.jar
2026-08-04 14:52:10,824 [BasicRepositoryConnector-repo.maven.apache.org-0-0] INFO  o.e.m.c.i.e.AbstractTransferListenerAdapter - Downloaded https://repo.maven.apache.org/maven2/org/mockito/mockito-junit-jupiter/5.17.0/mockito-junit-jupiter-5.17.0.jar
2026-08-04 14:52:10,837 [BasicRepositoryConnector-repo.maven.apache.org-0-4] INFO  o.e.m.c.i.e.AbstractTransferListenerAdapter - Downloaded https://repo.maven.apache.org/maven2/org/junit/platform/junit-platform-engine/1.12.2/junit-platform-engine-1.12.2.jar
2026-08-04 14:52:10,838 [BasicRepositoryConnector-repo.maven.apache.org-0-1] INFO  o.e.m.c.i.e.AbstractTransferListenerAdapter - Downloaded https://repo.maven.apache.org/maven2/org/mockito/mockito-core/5.17.0/mockito-core-5.17.0.jar
2026-08-04 14:52:10,967 [BasicRepositoryConnector-repo.maven.apache.org-0-2] INFO  o.e.m.c.i.e.AbstractTransferListenerAdapter - Downloaded https://repo.maven.apache.org/maven2/net/bytebuddy/byte-buddy-agent/1.17.6/byte-buddy-agent-1.17.6.jar
2026-08-04 14:52:10,994 [BasicRepositoryConnector-repo.maven.apache.org-0-1] INFO  o.e.m.c.i.e.AbstractTransferListenerAdapter - Downloading https://repo.maven.apache.org/maven2/org/springframework/spring-test/6.2.9/spring-test-6.2.9.jar
2026-08-04 14:52:11,025 [BasicRepositoryConnector-repo.maven.apache.org-0-0] INFO  o.e.m.c.i.e.AbstractTransferListenerAdapter - Downloading https://repo.maven.apache.org/maven2/org/springframework/spring-core/6.2.9/spring-core-6.2.9.jar
2026-08-04 14:52:11,025 [BasicRepositoryConnector-repo.maven.apache.org-0-4] INFO  o.e.m.c.i.e.AbstractTransferListenerAdapter - Downloading https://repo.maven.apache.org/maven2/org/springframework/spring-jcl/6.2.9/spring-jcl-6.2.9.jar
2026-08-04 14:52:11,027 [BasicRepositoryConnector-repo.maven.apache.org-0-4] INFO  o.e.m.c.i.e.AbstractTransferListenerAdapter - Downloaded https://repo.maven.apache.org/maven2/org/springframework/spring-jcl/6.2.9/spring-jcl-6.2.9.jar
2026-08-04 14:52:11,117 [BasicRepositoryConnector-repo.maven.apache.org-0-2] INFO  o.e.m.c.i.e.AbstractTransferListenerAdapter - Downloading https://repo.maven.apache.org/maven2/org/xmlunit/xmlunit-core/2.10.3/xmlunit-core-2.10.3.jar
2026-08-04 14:52:11,245 [BasicRepositoryConnector-repo.maven.apache.org-0-2] INFO  o.e.m.c.i.e.AbstractTransferListenerAdapter - Downloaded https://repo.maven.apache.org/maven2/org/xmlunit/xmlunit-core/2.10.3/xmlunit-core-2.10.3.jar
2026-08-04 14:52:11,819 [BasicRepositoryConnector-repo.maven.apache.org-0-1] INFO  o.e.m.c.i.e.AbstractTransferListenerAdapter - Downloaded https://repo.maven.apache.org/maven2/org/springframework/spring-test/6.2.9/spring-test-6.2.9.jar
2026-08-04 14:52:13,606 [BasicRepositoryConnector-repo.maven.apache.org-0-0] INFO  o.e.m.c.i.e.AbstractTransferListenerAdapter - Downloaded https://repo.maven.apache.org/maven2/org/springframework/spring-core/6.2.9/spring-core-6.2.9.jar
2026-08-04 14:52:19,081 [BasicRepositoryConnector-repo.maven.apache.org-0-3] INFO  o.e.m.c.i.e.AbstractTransferListenerAdapter - Downloaded https://repo.maven.apache.org/maven2/net/bytebuddy/byte-buddy/1.17.6/byte-buddy-1.17.6.jar
2026-08-04 14:52:19,867 [Worker-66: Building] INFO  o.a.m.s.f.DefaultMavenResourcesFiltering - Copying 0 resource from src\main\resources to target\classes
2026-08-04 14:52:19,868 [Worker-66: Building] INFO  o.a.m.s.f.DefaultMavenResourcesFiltering - Copying 0 resource from src\main\resources to target\classes
2026-08-04 14:52:19,879 [Worker-66: Building] INFO  o.a.m.s.f.DefaultMavenResourcesFiltering - skip non existing resourceDirectory D:\EduTrack\backend\eureka-server\src\test\resources
2026-08-04 14:52:20,000 [Worker-66: Building] INFO  o.e.m.c.i.e.AbstractTransferListenerAdapter - Downloading https://repo.maven.apache.org/maven2/org/apache/maven/plugins/maven-surefire-plugin/3.5.3/maven-surefire-plugin-3.5.3.pom
2026-08-04 14:52:20,009 [Worker-66: Building] INFO  o.e.m.c.i.e.AbstractTransferListenerAdapter - Downloaded https://repo.maven.apache.org/maven2/org/apache/maven/plugins/maven-surefire-plugin/3.5.3/maven-surefire-plugin-3.5.3.pom
2026-08-04 14:52:20,211 [Worker-66: Building] INFO  o.e.m.c.i.e.AbstractTransferListenerAdapter - Downloading https://repo.maven.apache.org/maven2/org/apache/maven/surefire/surefire/3.5.3/surefire-3.5.3.pom
2026-08-04 14:52:20,249 [Worker-66: Building] INFO  o.e.m.c.i.e.AbstractTransferListenerAdapter - Downloaded https://repo.maven.apache.org/maven2/org/apache/maven/surefire/surefire/3.5.3/surefire-3.5.3.pom
2026-08-04 14:52:20,941 [Worker-70: Download sources and javadoc] INFO  o.e.m.c.i.e.AbstractTransferListenerAdapter - Downloaded https://repo.maven.apache.org/maven2/org/springframework/cloud/spring-cloud-starter-netflix-eureka-server/4.3.0/spring-cloud-starter-netflix-eureka-server-4.3.0-sources.jar
2026-08-04 14:52:21,003 [Worker-70: Download sources and javadoc] ERROR o.e.m.j.internal.DownloadSourcesJob - Could not download sources for org.springframework.cloud:spring-cloud-starter-netflix-eureka-server:4.3.0
org.eclipse.core.runtime.CoreException: Could not resolve artifact org.springframework.cloud:spring-cloud-starter-netflix-eureka-server:jar:sources:4.3.0
	at org.eclipse.m2e.core.internal.embedder.MavenImpl.lambda$7(MavenImpl.java:581)
	at org.eclipse.m2e.core.internal.embedder.MavenExecutionContext.executeBare(MavenExecutionContext.java:462)
	at org.eclipse.m2e.core.internal.embedder.MavenExecutionContext.execute(MavenExecutionContext.java:295)
	at org.eclipse.m2e.core.internal.embedder.MavenExecutionContext.execute(MavenExecutionContext.java:281)
	at org.eclipse.m2e.core.internal.embedder.MavenImpl.resolve(MavenImpl.java:550)
	at org.eclipse.m2e.core.internal.embedder.MavenImpl.resolve(MavenImpl.java:535)
	at org.eclipse.m2e.jdt.internal.DownloadSourcesJob.download(DownloadSourcesJob.java:308)
	at org.eclipse.m2e.jdt.internal.DownloadSourcesJob.downloadAttachments(DownloadSourcesJob.java:282)
	at org.eclipse.m2e.jdt.internal.DownloadSourcesJob.downloadMaven(DownloadSourcesJob.java:252)
	at org.eclipse.m2e.jdt.internal.DownloadSourcesJob.downloadFilesAndPopulateToUpdate(DownloadSourcesJob.java:220)
	at org.eclipse.m2e.jdt.internal.DownloadSourcesJob.lambda$0(DownloadSourcesJob.java:149)
	at org.eclipse.m2e.core.internal.embedder.MavenExecutionContext.executeBare(MavenExecutionContext.java:462)
	at org.eclipse.m2e.core.internal.embedder.MavenExecutionContext.execute(MavenExecutionContext.java:342)
	at org.eclipse.m2e.core.internal.embedder.MavenExecutionContext.execute(MavenExecutionContext.java:281)
	at org.eclipse.m2e.core.embedder.IMaven.execute(IMaven.java:300)
	at org.eclipse.m2e.jdt.internal.DownloadSourcesJob.run(DownloadSourcesJob.java:149)
	at org.eclipse.core.internal.jobs.Worker.run(Worker.java:63)
2026-08-04 14:52:21,239 [Worker-66: Building] WARN  o.apache.maven.project.MavenProject - Plugin is modifying compileSourceRoots through clear(), which will not work in Maven 4.0.0. Use MavenProject.addCompileSourceRoot()/removeCompileSourceRoot() methods instead. If using a plugin, please upgrade to the latest version or report the issue to the plugin maintainer. To disable these warnings, set -Dmaven.project.sourceRoots.warningsDisabled=true on the command line, in the .mvn/maven.config file, or in project POM properties.
2026-08-04 14:52:21,240 [Worker-66: Building] WARN  o.apache.maven.project.MavenProject - Plugin is modifying compileSourceRoots through add(), which will not work in Maven 4.0.0. Use MavenProject.addCompileSourceRoot()/removeCompileSourceRoot() methods instead. If using a plugin, please upgrade to the latest version or report the issue to the plugin maintainer. To disable these warnings, set -Dmaven.project.sourceRoots.warningsDisabled=true on the command line, in the .mvn/maven.config file, or in project POM properties.
2026-08-04 14:52:21,240 [Worker-66: Building] WARN  o.apache.maven.project.MavenProject - Plugin is modifying testCompileSourceRoots through clear(), which will not work in Maven 4.0.0. Use MavenProject.addTestCompileSourceRoot()/removeTestCompileSourceRoot() methods instead. If using a plugin, please upgrade to the latest version or report the issue to the plugin maintainer. To disable these warnings, set -Dmaven.project.sourceRoots.warningsDisabled=true on the command line, in the .mvn/maven.config file, or in project POM properties.
2026-08-04 14:52:21,240 [Worker-66: Building] WARN  o.apache.maven.project.MavenProject - Plugin is modifying testCompileSourceRoots through add(), which will not work in Maven 4.0.0. Use MavenProject.addTestCompileSourceRoot()/removeTestCompileSourceRoot() methods instead. If using a plugin, please upgrade to the latest version or report the issue to the plugin maintainer. To disable these warnings, set -Dmaven.project.sourceRoots.warningsDisabled=true on the command line, in the .mvn/maven.config file, or in project POM properties.
2026-08-04 14:52:21,394 [Worker-70: Download sources and javadoc] INFO  o.e.m.c.i.e.AbstractTransferListenerAdapter - Downloaded https://repo.maven.apache.org/maven2/org/springframework/cloud/spring-cloud-starter/4.3.0/spring-cloud-starter-4.3.0-sources.jar
2026-08-04 14:52:21,400 [Worker-70: Download sources and javadoc] ERROR o.e.m.j.internal.DownloadSourcesJob - Could not download sources for org.springframework.cloud:spring-cloud-starter:4.3.0
org.eclipse.core.runtime.CoreException: Could not resolve artifact org.springframework.cloud:spring-cloud-starter:jar:sources:4.3.0
	at org.eclipse.m2e.core.internal.embedder.MavenImpl.lambda$7(MavenImpl.java:581)
	at org.eclipse.m2e.core.internal.embedder.MavenExecutionContext.executeBare(MavenExecutionContext.java:462)
	at org.eclipse.m2e.core.internal.embedder.MavenExecutionContext.execute(MavenExecutionContext.java:295)
	at org.eclipse.m2e.core.internal.embedder.MavenExecutionContext.execute(MavenExecutionContext.java:281)
	at org.eclipse.m2e.core.internal.embedder.MavenImpl.resolve(MavenImpl.java:550)
	at org.eclipse.m2e.core.internal.embedder.MavenImpl.resolve(MavenImpl.java:535)
	at org.eclipse.m2e.jdt.internal.DownloadSourcesJob.download(DownloadSourcesJob.java:308)
	at org.eclipse.m2e.jdt.internal.DownloadSourcesJob.downloadAttachments(DownloadSourcesJob.java:282)
	at org.eclipse.m2e.jdt.internal.DownloadSourcesJob.downloadMaven(DownloadSourcesJob.java:252)
	at org.eclipse.m2e.jdt.internal.DownloadSourcesJob.downloadFilesAndPopulateToUpdate(DownloadSourcesJob.java:220)
	at org.eclipse.m2e.jdt.internal.DownloadSourcesJob.lambda$0(DownloadSourcesJob.java:149)
	at org.eclipse.m2e.core.internal.embedder.MavenExecutionContext.executeBare(MavenExecutionContext.java:462)
	at org.eclipse.m2e.core.internal.embedder.MavenExecutionContext.execute(MavenExecutionContext.java:342)
	at org.eclipse.m2e.core.internal.embedder.MavenExecutionContext.execute(MavenExecutionContext.java:281)
	at org.eclipse.m2e.core.embedder.IMaven.execute(IMaven.java:300)
	at org.eclipse.m2e.jdt.internal.DownloadSourcesJob.run(DownloadSourcesJob.java:149)
	at org.eclipse.core.internal.jobs.Worker.run(Worker.java:63)
2026-08-04 14:52:21,555 [Worker-68: Updating Maven Project] INFO  o.e.m.c.i.p.ProjectConfigurationManager - Update started
2026-08-04 14:52:21,705 [Worker-70: Download sources and javadoc] INFO  o.e.m.c.i.e.AbstractTransferListenerAdapter - Downloading https://repo.maven.apache.org/maven2/org/springframework/cloud/spring-cloud-context/4.3.0/spring-cloud-context-4.3.0-sources.jar
2026-08-04 14:52:21,909 [Worker-70: Download sources and javadoc] INFO  o.e.m.c.i.e.AbstractTransferListenerAdapter - Downloaded https://repo.maven.apache.org/maven2/org/springframework/cloud/spring-cloud-context/4.3.0/spring-cloud-context-4.3.0-sources.jar
2026-08-04 14:52:21,922 [Worker-70: Download sources and javadoc] INFO  o.e.m.j.internal.DownloadSourcesJob - Downloaded sources for org.springframework.cloud:spring-cloud-context:4.3.0
2026-08-04 14:52:23,419 [Worker-68: Updating Maven Project] INFO  o.e.m.c.i.l.LifecycleMappingFactory - Using org.eclipse.m2e.jdt.JarLifecycleMapping lifecycle mapping for MavenProject: com.edutrack:eureka-server:0.0.1-SNAPSHOT @ D:\EduTrack\backend\eureka-server\pom.xml.
2026-08-04 14:52:23,703 [Worker-70: Download sources and javadoc] INFO  o.e.m.c.i.e.AbstractTransferListenerAdapter - Downloading https://repo.maven.apache.org/maven2/org/springframework/security/spring-security-crypto/6.5.2/spring-security-crypto-6.5.2-sources.jar
2026-08-04 14:52:23,831 [Worker-70: Download sources and javadoc] INFO  o.e.m.c.i.e.AbstractTransferListenerAdapter - Downloaded https://repo.maven.apache.org/maven2/org/springframework/security/spring-security-crypto/6.5.2/spring-security-crypto-6.5.2-sources.jar
2026-08-04 14:52:23,837 [Worker-70: Download sources and javadoc] INFO  o.e.m.j.internal.DownloadSourcesJob - Downloaded sources for org.springframework.security:spring-security-crypto:6.5.2
2026-08-04 14:52:24,158 [Worker-70: Download sources and javadoc] INFO  o.e.m.c.i.e.AbstractTransferListenerAdapter - Downloading https://repo.maven.apache.org/maven2/org/springframework/cloud/spring-cloud-commons/4.3.0/spring-cloud-commons-4.3.0-sources.jar
2026-08-04 14:52:24,358 [Worker-70: Download sources and javadoc] INFO  o.e.m.c.i.e.AbstractTransferListenerAdapter - Downloaded https://repo.maven.apache.org/maven2/org/springframework/cloud/spring-cloud-commons/4.3.0/spring-cloud-commons-4.3.0-sources.jar
2026-08-04 14:52:24,365 [Worker-70: Download sources and javadoc] INFO  o.e.m.j.internal.DownloadSourcesJob - Downloaded sources for org.springframework.cloud:spring-cloud-commons:4.3.0
2026-08-04 14:52:24,444 [Worker-68: Updating Maven Project] INFO  o.e.m.j.i.AbstractJavaProjectConfigurator - Adding source folder /eureka-server/src/main/java
2026-08-04 14:52:24,445 [Worker-68: Updating Maven Project] INFO  o.e.m.j.i.AbstractJavaProjectConfigurator - Adding resource folder /eureka-server/src/main/resources
2026-08-04 14:52:24,445 [Worker-68: Updating Maven Project] INFO  o.e.m.j.i.AbstractJavaProjectConfigurator - Adding resource folder /eureka-server/src/main/resources
2026-08-04 14:52:24,447 [Worker-68: Updating Maven Project] INFO  o.e.m.j.i.AbstractJavaProjectConfigurator - Adding source folder /eureka-server/src/test/java
2026-08-04 14:52:24,448 [Worker-68: Updating Maven Project] INFO  o.e.m.j.i.AbstractJavaProjectConfigurator - Adding resource folder /eureka-server/src/test/resources
2026-08-04 14:52:24,648 [Worker-70: Download sources and javadoc] INFO  o.e.m.c.i.e.AbstractTransferListenerAdapter - Downloading https://repo.maven.apache.org/maven2/org/bouncycastle/bcprov-jdk18on/1.80/bcprov-jdk18on-1.80-sources.jar
2026-08-04 14:52:24,689 [Worker-68: Updating Maven Project] WARN  o.apache.maven.project.MavenProject - Plugin is modifying compileSourceRoots through clear(), which will not work in Maven 4.0.0. Use MavenProject.addCompileSourceRoot()/removeCompileSourceRoot() methods instead. If using a plugin, please upgrade to the latest version or report the issue to the plugin maintainer. To disable these warnings, set -Dmaven.project.sourceRoots.warningsDisabled=true on the command line, in the .mvn/maven.config file, or in project POM properties.
2026-08-04 14:52:24,690 [Worker-68: Updating Maven Project] WARN  o.apache.maven.project.MavenProject - Plugin is modifying compileSourceRoots through add(), which will not work in Maven 4.0.0. Use MavenProject.addCompileSourceRoot()/removeCompileSourceRoot() methods instead. If using a plugin, please upgrade to the latest version or report the issue to the plugin maintainer. To disable these warnings, set -Dmaven.project.sourceRoots.warningsDisabled=true on the command line, in the .mvn/maven.config file, or in project POM properties.
2026-08-04 14:52:24,690 [Worker-68: Updating Maven Project] WARN  o.apache.maven.project.MavenProject - Plugin is modifying testCompileSourceRoots through clear(), which will not work in Maven 4.0.0. Use MavenProject.addTestCompileSourceRoot()/removeTestCompileSourceRoot() methods instead. If using a plugin, please upgrade to the latest version or report the issue to the plugin maintainer. To disable these warnings, set -Dmaven.project.sourceRoots.warningsDisabled=true on the command line, in the .mvn/maven.config file, or in project POM properties.
2026-08-04 14:52:24,690 [Worker-68: Updating Maven Project] WARN  o.apache.maven.project.MavenProject - Plugin is modifying testCompileSourceRoots through add(), which will not work in Maven 4.0.0. Use MavenProject.addTestCompileSourceRoot()/removeTestCompileSourceRoot() methods instead. If using a plugin, please upgrade to the latest version or report the issue to the plugin maintainer. To disable these warnings, set -Dmaven.project.sourceRoots.warningsDisabled=true on the command line, in the .mvn/maven.config file, or in project POM properties.
2026-08-04 14:52:24,805 [Worker-68: Updating Maven Project] INFO  o.e.m.c.i.p.ProjectConfigurationManager - Update completed for 1 poms: local refresh takes 0.00 sec, refresh facades takes 2.00 sec, update config takes 0.00 sec 
2026-08-04 14:52:25,536 [Worker-66: Building] INFO  o.a.m.s.f.DefaultMavenResourcesFiltering - Copying 1 resource from src\main\resources to target\classes
2026-08-04 14:52:25,556 [Worker-66: Building] INFO  o.a.m.s.f.DefaultMavenResourcesFiltering - Copying 0 resource from src\main\resources to target\classes
2026-08-04 14:52:25,567 [Worker-66: Building] INFO  o.a.m.s.f.DefaultMavenResourcesFiltering - skip non existing resourceDirectory D:\EduTrack\backend\eureka-server\src\test\resources
2026-08-04 14:52:25,588 [Worker-66: Building] WARN  o.apache.maven.project.MavenProject - Plugin is modifying compileSourceRoots through clear(), which will not work in Maven 4.0.0. Use MavenProject.addCompileSourceRoot()/removeCompileSourceRoot() methods instead. If using a plugin, please upgrade to the latest version or report the issue to the plugin maintainer. To disable these warnings, set -Dmaven.project.sourceRoots.warningsDisabled=true on the command line, in the .mvn/maven.config file, or in project POM properties.
2026-08-04 14:52:25,589 [Worker-66: Building] WARN  o.apache.maven.project.MavenProject - Plugin is modifying compileSourceRoots through add(), which will not work in Maven 4.0.0. Use MavenProject.addCompileSourceRoot()/removeCompileSourceRoot() methods instead. If using a plugin, please upgrade to the latest version or report the issue to the plugin maintainer. To disable these warnings, set -Dmaven.project.sourceRoots.warningsDisabled=true on the command line, in the .mvn/maven.config file, or in project POM properties.
2026-08-04 14:52:25,589 [Worker-66: Building] WARN  o.apache.maven.project.MavenProject - Plugin is modifying testCompileSourceRoots through clear(), which will not work in Maven 4.0.0. Use MavenProject.addTestCompileSourceRoot()/removeTestCompileSourceRoot() methods instead. If using a plugin, please upgrade to the latest version or report the issue to the plugin maintainer. To disable these warnings, set -Dmaven.project.sourceRoots.warningsDisabled=true on the command line, in the .mvn/maven.config file, or in project POM properties.
2026-08-04 14:52:25,589 [Worker-66: Building] WARN  o.apache.maven.project.MavenProject - Plugin is modifying testCompileSourceRoots through add(), which will not work in Maven 4.0.0. Use MavenProject.addTestCompileSourceRoot()/removeTestCompileSourceRoot() methods instead. If using a plugin, please upgrade to the latest version or report the issue to the plugin maintainer. To disable these warnings, set -Dmaven.project.sourceRoots.warningsDisabled=true on the command line, in the .mvn/maven.config file, or in project POM properties.
2026-08-04 14:52:26,370 [Worker-70: Download sources and javadoc] INFO  o.e.m.c.i.e.AbstractTransferListenerAdapter - Downloaded https://repo.maven.apache.org/maven2/org/bouncycastle/bcprov-jdk18on/1.80/bcprov-jdk18on-1.80-sources.jar
2026-08-04 14:52:26,405 [Worker-70: Download sources and javadoc] INFO  o.e.m.j.internal.DownloadSourcesJob - Downloaded sources for org.bouncycastle:bcprov-jdk18on:1.80
2026-08-04 14:52:26,778 [Worker-70: Download sources and javadoc] INFO  o.e.m.c.i.e.AbstractTransferListenerAdapter - Downloading https://repo.maven.apache.org/maven2/org/springframework/cloud/spring-cloud-netflix-eureka-server/4.3.0/spring-cloud-netflix-eureka-server-4.3.0-sources.jar
2026-08-04 14:52:27,175 [Worker-70: Download sources and javadoc] INFO  o.e.m.c.i.e.AbstractTransferListenerAdapter - Downloaded https://repo.maven.apache.org/maven2/org/springframework/cloud/spring-cloud-netflix-eureka-server/4.3.0/spring-cloud-netflix-eureka-server-4.3.0-sources.jar
2026-08-04 14:52:27,217 [Worker-70: Download sources and javadoc] INFO  o.e.m.j.internal.DownloadSourcesJob - Downloaded sources for org.springframework.cloud:spring-cloud-netflix-eureka-server:4.3.0
2026-08-04 14:52:27,600 [Worker-70: Download sources and javadoc] INFO  o.e.m.c.i.e.AbstractTransferListenerAdapter - Downloading https://repo.maven.apache.org/maven2/org/springframework/boot/spring-boot-starter-web/3.5.4/spring-boot-starter-web-3.5.4-sources.jar
2026-08-04 14:52:27,605 [Worker-70: Download sources and javadoc] INFO  o.e.m.c.i.e.AbstractTransferListenerAdapter - Downloaded https://repo.maven.apache.org/maven2/org/springframework/boot/spring-boot-starter-web/3.5.4/spring-boot-starter-web-3.5.4-sources.jar
2026-08-04 14:52:27,610 [Worker-70: Download sources and javadoc] INFO  o.e.m.j.internal.DownloadSourcesJob - Downloaded sources for org.springframework.boot:spring-boot-starter-web:3.5.4
2026-08-04 14:52:27,833 [Worker-70: Download sources and javadoc] INFO  o.e.m.c.i.e.AbstractTransferListenerAdapter - Downloading https://repo.maven.apache.org/maven2/org/springframework/boot/spring-boot-starter-json/3.5.4/spring-boot-starter-json-3.5.4-sources.jar
2026-08-04 14:52:27,838 [Worker-70: Download sources and javadoc] INFO  o.e.m.c.i.e.AbstractTransferListenerAdapter - Downloaded https://repo.maven.apache.org/maven2/org/springframework/boot/spring-boot-starter-json/3.5.4/spring-boot-starter-json-3.5.4-sources.jar
2026-08-04 14:52:27,842 [Worker-70: Download sources and javadoc] INFO  o.e.m.j.internal.DownloadSourcesJob - Downloaded sources for org.springframework.boot:spring-boot-starter-json:3.5.4
2026-08-04 14:52:28,099 [Worker-70: Download sources and javadoc] INFO  o.e.m.c.i.e.AbstractTransferListenerAdapter - Downloading https://repo.maven.apache.org/maven2/com/fasterxml/jackson/datatype/jackson-datatype-jdk8/2.19.2/jackson-datatype-jdk8-2.19.2-sources.jar
2026-08-04 14:52:28,232 [Worker-70: Download sources and javadoc] INFO  o.e.m.c.i.e.AbstractTransferListenerAdapter - Downloaded https://repo.maven.apache.org/maven2/com/fasterxml/jackson/datatype/jackson-datatype-jdk8/2.19.2/jackson-datatype-jdk8-2.19.2-sources.jar
2026-08-04 14:52:28,237 [Worker-70: Download sources and javadoc] INFO  o.e.m.j.internal.DownloadSourcesJob - Downloaded sources for com.fasterxml.jackson.datatype:jackson-datatype-jdk8:2.19.2
2026-08-04 14:52:28,573 [Worker-70: Download sources and javadoc] INFO  o.e.m.c.i.e.AbstractTransferListenerAdapter - Downloading https://repo.maven.apache.org/maven2/com/fasterxml/jackson/module/jackson-module-parameter-names/2.19.2/jackson-module-parameter-names-2.19.2-sources.jar
2026-08-04 14:52:28,622 [Worker-70: Download sources and javadoc] INFO  o.e.m.c.i.e.AbstractTransferListenerAdapter - Downloaded https://repo.maven.apache.org/maven2/com/fasterxml/jackson/module/jackson-module-parameter-names/2.19.2/jackson-module-parameter-names-2.19.2-sources.jar
2026-08-04 14:52:28,626 [Worker-70: Download sources and javadoc] INFO  o.e.m.j.internal.DownloadSourcesJob - Downloaded sources for com.fasterxml.jackson.module:jackson-module-parameter-names:2.19.2
2026-08-04 14:52:28,898 [Worker-70: Download sources and javadoc] INFO  o.e.m.c.i.e.AbstractTransferListenerAdapter - Downloading https://repo.maven.apache.org/maven2/org/springframework/boot/spring-boot-starter-tomcat/3.5.4/spring-boot-starter-tomcat-3.5.4-sources.jar
2026-08-04 14:52:28,902 [Worker-70: Download sources and javadoc] INFO  o.e.m.c.i.e.AbstractTransferListenerAdapter - Downloaded https://repo.maven.apache.org/maven2/org/springframework/boot/spring-boot-starter-tomcat/3.5.4/spring-boot-starter-tomcat-3.5.4-sources.jar
2026-08-04 14:52:28,907 [Worker-70: Download sources and javadoc] INFO  o.e.m.j.internal.DownloadSourcesJob - Downloaded sources for org.springframework.boot:spring-boot-starter-tomcat:3.5.4
2026-08-04 14:52:29,151 [Worker-70: Download sources and javadoc] INFO  o.e.m.c.i.e.AbstractTransferListenerAdapter - Downloading https://repo.maven.apache.org/maven2/org/apache/tomcat/embed/tomcat-embed-core/10.1.43/tomcat-embed-core-10.1.43-sources.jar
2026-08-04 14:52:30,762 [Worker-70: Download sources and javadoc] INFO  o.e.m.c.i.e.AbstractTransferListenerAdapter - Downloaded https://repo.maven.apache.org/maven2/org/apache/tomcat/embed/tomcat-embed-core/10.1.43/tomcat-embed-core-10.1.43-sources.jar
2026-08-04 14:52:30,767 [Worker-70: Download sources and javadoc] INFO  o.e.m.j.internal.DownloadSourcesJob - Downloaded sources for org.apache.tomcat.embed:tomcat-embed-core:10.1.43
2026-08-04 14:52:30,979 [Worker-70: Download sources and javadoc] INFO  o.e.m.c.i.e.AbstractTransferListenerAdapter - Downloading https://repo.maven.apache.org/maven2/org/apache/tomcat/embed/tomcat-embed-el/10.1.43/tomcat-embed-el-10.1.43-sources.jar
2026-08-04 14:52:31,198 [Worker-70: Download sources and javadoc] INFO  o.e.m.c.i.e.AbstractTransferListenerAdapter - Downloaded https://repo.maven.apache.org/maven2/org/apache/tomcat/embed/tomcat-embed-el/10.1.43/tomcat-embed-el-10.1.43-sources.jar
2026-08-04 14:52:31,202 [Worker-70: Download sources and javadoc] INFO  o.e.m.j.internal.DownloadSourcesJob - Downloaded sources for org.apache.tomcat.embed:tomcat-embed-el:10.1.43
2026-08-04 14:52:31,429 [Worker-70: Download sources and javadoc] INFO  o.e.m.c.i.e.AbstractTransferListenerAdapter - Downloading https://repo.maven.apache.org/maven2/org/apache/tomcat/embed/tomcat-embed-websocket/10.1.43/tomcat-embed-websocket-10.1.43-sources.jar
2026-08-04 14:52:31,615 [Worker-70: Download sources and javadoc] INFO  o.e.m.c.i.e.AbstractTransferListenerAdapter - Downloaded https://repo.maven.apache.org/maven2/org/apache/tomcat/embed/tomcat-embed-websocket/10.1.43/tomcat-embed-websocket-10.1.43-sources.jar
2026-08-04 14:52:31,618 [Worker-70: Download sources and javadoc] INFO  o.e.m.j.internal.DownloadSourcesJob - Downloaded sources for org.apache.tomcat.embed:tomcat-embed-websocket:10.1.43
2026-08-04 14:52:31,848 [Worker-70: Download sources and javadoc] INFO  o.e.m.c.i.e.AbstractTransferListenerAdapter - Downloading https://repo.maven.apache.org/maven2/org/springframework/spring-web/6.2.9/spring-web-6.2.9-sources.jar
2026-08-04 14:52:32,942 [Worker-70: Download sources and javadoc] INFO  o.e.m.c.i.e.AbstractTransferListenerAdapter - Downloaded https://repo.maven.apache.org/maven2/org/springframework/spring-web/6.2.9/spring-web-6.2.9-sources.jar
2026-08-04 14:52:32,946 [Worker-70: Download sources and javadoc] INFO  o.e.m.j.internal.DownloadSourcesJob - Downloaded sources for org.springframework:spring-web:6.2.9
2026-08-04 14:52:33,190 [Worker-70: Download sources and javadoc] INFO  o.e.m.c.i.e.AbstractTransferListenerAdapter - Downloading https://repo.maven.apache.org/maven2/org/springframework/spring-webmvc/6.2.9/spring-webmvc-6.2.9-sources.jar
2026-08-04 14:52:33,797 [Worker-70: Download sources and javadoc] INFO  o.e.m.c.i.e.AbstractTransferListenerAdapter - Downloaded https://repo.maven.apache.org/maven2/org/springframework/spring-webmvc/6.2.9/spring-webmvc-6.2.9-sources.jar
2026-08-04 14:52:33,803 [Worker-70: Download sources and javadoc] INFO  o.e.m.j.internal.DownloadSourcesJob - Downloaded sources for org.springframework:spring-webmvc:6.2.9
2026-08-04 14:52:34,081 [Worker-70: Download sources and javadoc] INFO  o.e.m.c.i.e.AbstractTransferListenerAdapter - Downloading https://repo.maven.apache.org/maven2/org/springframework/boot/spring-boot-starter-freemarker/3.5.4/spring-boot-starter-freemarker-3.5.4-sources.jar
2026-08-04 14:52:34,115 [Worker-70: Download sources and javadoc] INFO  o.e.m.c.i.e.AbstractTransferListenerAdapter - Downloaded https://repo.maven.apache.org/maven2/org/springframework/boot/spring-boot-starter-freemarker/3.5.4/spring-boot-starter-freemarker-3.5.4-sources.jar
2026-08-04 14:52:34,122 [Worker-70: Download sources and javadoc] INFO  o.e.m.j.internal.DownloadSourcesJob - Downloaded sources for org.springframework.boot:spring-boot-starter-freemarker:3.5.4
2026-08-04 14:52:34,338 [Worker-70: Download sources and javadoc] INFO  o.e.m.c.i.e.AbstractTransferListenerAdapter - Downloading https://repo.maven.apache.org/maven2/org/springframework/spring-context-support/6.2.9/spring-context-support-6.2.9-sources.jar
2026-08-04 14:52:34,501 [Worker-70: Download sources and javadoc] INFO  o.e.m.c.i.e.AbstractTransferListenerAdapter - Downloaded https://repo.maven.apache.org/maven2/org/springframework/spring-context-support/6.2.9/spring-context-support-6.2.9-sources.jar
2026-08-04 14:52:34,505 [Worker-70: Download sources and javadoc] INFO  o.e.m.j.internal.DownloadSourcesJob - Downloaded sources for org.springframework:spring-context-support:6.2.9
2026-08-04 14:52:34,726 [Worker-70: Download sources and javadoc] INFO  o.e.m.c.i.e.AbstractTransferListenerAdapter - Downloading https://repo.maven.apache.org/maven2/org/springframework/cloud/spring-cloud-netflix-eureka-client/4.3.0/spring-cloud-netflix-eureka-client-4.3.0-sources.jar
2026-08-04 14:52:34,870 [Worker-70: Download sources and javadoc] INFO  o.e.m.c.i.e.AbstractTransferListenerAdapter - Downloaded https://repo.maven.apache.org/maven2/org/springframework/cloud/spring-cloud-netflix-eureka-client/4.3.0/spring-cloud-netflix-eureka-client-4.3.0-sources.jar
2026-08-04 14:52:34,873 [Worker-70: Download sources and javadoc] INFO  o.e.m.j.internal.DownloadSourcesJob - Downloaded sources for org.springframework.cloud:spring-cloud-netflix-eureka-client:4.3.0
2026-08-04 14:52:35,215 [Worker-70: Download sources and javadoc] INFO  o.e.m.c.i.e.AbstractTransferListenerAdapter - Downloading https://repo.maven.apache.org/maven2/com/netflix/eureka/eureka-client/2.0.4/eureka-client-2.0.4-sources.jar
2026-08-04 14:52:35,472 [Worker-70: Download sources and javadoc] INFO  o.e.m.c.i.e.AbstractTransferListenerAdapter - Downloaded https://repo.maven.apache.org/maven2/com/netflix/eureka/eureka-client/2.0.4/eureka-client-2.0.4-sources.jar
2026-08-04 14:52:35,476 [Worker-70: Download sources and javadoc] INFO  o.e.m.j.internal.DownloadSourcesJob - Downloaded sources for com.netflix.eureka:eureka-client:2.0.4
2026-08-04 14:52:35,759 [Worker-70: Download sources and javadoc] INFO  o.e.m.c.i.e.AbstractTransferListenerAdapter - Downloading https://repo.maven.apache.org/maven2/com/thoughtworks/xstream/xstream/1.4.20/xstream-1.4.20-sources.jar
2026-08-04 14:52:36,533 [Worker-70: Download sources and javadoc] INFO  o.e.m.c.i.e.AbstractTransferListenerAdapter - Downloaded https://repo.maven.apache.org/maven2/com/thoughtworks/xstream/xstream/1.4.20/xstream-1.4.20-sources.jar
2026-08-04 14:52:36,538 [Worker-70: Download sources and javadoc] INFO  o.e.m.j.internal.DownloadSourcesJob - Downloaded sources for com.thoughtworks.xstream:xstream:1.4.20
2026-08-04 14:52:36,828 [Worker-70: Download sources and javadoc] INFO  o.e.m.c.i.e.AbstractTransferListenerAdapter - Downloading https://repo.maven.apache.org/maven2/commons-configuration/commons-configuration/1.10/commons-configuration-1.10-sources.jar
2026-08-04 14:52:37,434 [Worker-70: Download sources and javadoc] INFO  o.e.m.c.i.e.AbstractTransferListenerAdapter - Downloaded https://repo.maven.apache.org/maven2/commons-configuration/commons-configuration/1.10/commons-configuration-1.10-sources.jar
2026-08-04 14:52:37,437 [Worker-70: Download sources and javadoc] INFO  o.e.m.j.internal.DownloadSourcesJob - Downloaded sources for commons-configuration:commons-configuration:1.10
2026-08-04 14:52:37,643 [Worker-70: Download sources and javadoc] INFO  o.e.m.c.i.e.AbstractTransferListenerAdapter - Downloading https://repo.maven.apache.org/maven2/commons-lang/commons-lang/2.6/commons-lang-2.6-sources.jar
2026-08-04 14:52:37,855 [Worker-70: Download sources and javadoc] INFO  o.e.m.c.i.e.AbstractTransferListenerAdapter - Downloaded https://repo.maven.apache.org/maven2/commons-lang/commons-lang/2.6/commons-lang-2.6-sources.jar
2026-08-04 14:52:37,862 [Worker-70: Download sources and javadoc] INFO  o.e.m.j.internal.DownloadSourcesJob - Downloaded sources for commons-lang:commons-lang:2.6
2026-08-04 14:52:38,048 [Worker-70: Download sources and javadoc] INFO  o.e.m.c.i.e.AbstractTransferListenerAdapter - Downloading https://repo.maven.apache.org/maven2/com/google/code/gson/gson/2.13.1/gson-2.13.1-sources.jar
2026-08-04 14:52:38,199 [Worker-70: Download sources and javadoc] INFO  o.e.m.c.i.e.AbstractTransferListenerAdapter - Downloaded https://repo.maven.apache.org/maven2/com/google/code/gson/gson/2.13.1/gson-2.13.1-sources.jar
2026-08-04 14:52:38,204 [Worker-70: Download sources and javadoc] INFO  o.e.m.j.internal.DownloadSourcesJob - Downloaded sources for com.google.code.gson:gson:2.13.1
2026-08-04 14:52:38,415 [Worker-70: Download sources and javadoc] INFO  o.e.m.c.i.e.AbstractTransferListenerAdapter - Downloading https://repo.maven.apache.org/maven2/org/apache/httpcomponents/client5/httpclient5/5.5/httpclient5-5.5-sources.jar
2026-08-04 14:52:38,702 [Worker-70: Download sources and javadoc] INFO  o.e.m.c.i.e.AbstractTransferListenerAdapter - Downloaded https://repo.maven.apache.org/maven2/org/apache/httpcomponents/client5/httpclient5/5.5/httpclient5-5.5-sources.jar
2026-08-04 14:52:38,705 [Worker-70: Download sources and javadoc] INFO  o.e.m.j.internal.DownloadSourcesJob - Downloaded sources for org.apache.httpcomponents.client5:httpclient5:5.5
2026-08-04 14:52:38,900 [Worker-70: Download sources and javadoc] INFO  o.e.m.c.i.e.AbstractTransferListenerAdapter - Downloading https://repo.maven.apache.org/maven2/org/apache/httpcomponents/core5/httpcore5/5.3.4/httpcore5-5.3.4-sources.jar
2026-08-04 14:52:39,326 [Worker-70: Download sources and javadoc] INFO  o.e.m.c.i.e.AbstractTransferListenerAdapter - Downloaded https://repo.maven.apache.org/maven2/org/apache/httpcomponents/core5/httpcore5/5.3.4/httpcore5-5.3.4-sources.jar
2026-08-04 14:52:39,331 [Worker-70: Download sources and javadoc] INFO  o.e.m.j.internal.DownloadSourcesJob - Downloaded sources for org.apache.httpcomponents.core5:httpcore5:5.3.4
2026-08-04 14:52:39,543 [Worker-70: Download sources and javadoc] INFO  o.e.m.c.i.e.AbstractTransferListenerAdapter - Downloading https://repo.maven.apache.org/maven2/org/apache/httpcomponents/core5/httpcore5-h2/5.3.4/httpcore5-h2-5.3.4-sources.jar
2026-08-04 14:52:39,684 [Worker-70: Download sources and javadoc] INFO  o.e.m.c.i.e.AbstractTransferListenerAdapter - Downloaded https://repo.maven.apache.org/maven2/org/apache/httpcomponents/core5/httpcore5-h2/5.3.4/httpcore5-h2-5.3.4-sources.jar
2026-08-04 14:52:39,688 [Worker-70: Download sources and javadoc] INFO  o.e.m.j.internal.DownloadSourcesJob - Downloaded sources for org.apache.httpcomponents.core5:httpcore5-h2:5.3.4
2026-08-04 14:52:39,873 [Worker-70: Download sources and javadoc] INFO  o.e.m.c.i.e.AbstractTransferListenerAdapter - Downloading https://repo.maven.apache.org/maven2/com/netflix/eureka/eureka-client-jersey3/2.0.4/eureka-client-jersey3-2.0.4-sources.jar
2026-08-04 14:52:39,878 [Worker-70: Download sources and javadoc] INFO  o.e.m.c.i.e.AbstractTransferListenerAdapter - Downloaded https://repo.maven.apache.org/maven2/com/netflix/eureka/eureka-client-jersey3/2.0.4/eureka-client-jersey3-2.0.4-sources.jar
2026-08-04 14:52:39,883 [Worker-70: Download sources and javadoc] INFO  o.e.m.j.internal.DownloadSourcesJob - Downloaded sources for com.netflix.eureka:eureka-client-jersey3:2.0.4
2026-08-04 14:52:40,116 [Worker-70: Download sources and javadoc] INFO  o.e.m.c.i.e.AbstractTransferListenerAdapter - Downloading https://repo.maven.apache.org/maven2/org/glassfish/jersey/connectors/jersey-apache-connector/3.1.10/jersey-apache-connector-3.1.10-sources.jar
2026-08-04 14:52:40,122 [Worker-70: Download sources and javadoc] INFO  o.e.m.c.i.e.AbstractTransferListenerAdapter - Downloaded https://repo.maven.apache.org/maven2/org/glassfish/jersey/connectors/jersey-apache-connector/3.1.10/jersey-apache-connector-3.1.10-sources.jar
2026-08-04 14:52:40,126 [Worker-70: Download sources and javadoc] INFO  o.e.m.j.internal.DownloadSourcesJob - Downloaded sources for org.glassfish.jersey.connectors:jersey-apache-connector:3.1.10
2026-08-04 14:52:40,319 [Worker-70: Download sources and javadoc] INFO  o.e.m.c.i.e.AbstractTransferListenerAdapter - Downloading https://repo.maven.apache.org/maven2/commons-codec/commons-codec/1.18.0/commons-codec-1.18.0-sources.jar
2026-08-04 14:52:40,535 [Worker-70: Download sources and javadoc] INFO  o.e.m.c.i.e.AbstractTransferListenerAdapter - Downloaded https://repo.maven.apache.org/maven2/commons-codec/commons-codec/1.18.0/commons-codec-1.18.0-sources.jar
2026-08-04 14:52:40,539 [Worker-70: Download sources and javadoc] INFO  o.e.m.j.internal.DownloadSourcesJob - Downloaded sources for commons-codec:commons-codec:1.18.0
2026-08-04 14:52:40,749 [Worker-70: Download sources and javadoc] INFO  o.e.m.c.i.e.AbstractTransferListenerAdapter - Downloading https://repo.maven.apache.org/maven2/com/netflix/eureka/eureka-core-jersey3/2.0.4/eureka-core-jersey3-2.0.4-sources.jar
2026-08-04 14:52:40,778 [Worker-70: Download sources and javadoc] INFO  o.e.m.c.i.e.AbstractTransferListenerAdapter - Downloaded https://repo.maven.apache.org/maven2/com/netflix/eureka/eureka-core-jersey3/2.0.4/eureka-core-jersey3-2.0.4-sources.jar
2026-08-04 14:52:40,785 [Worker-70: Download sources and javadoc] INFO  o.e.m.j.internal.DownloadSourcesJob - Downloaded sources for com.netflix.eureka:eureka-core-jersey3:2.0.4
2026-08-04 14:52:40,985 [Worker-70: Download sources and javadoc] INFO  o.e.m.c.i.e.AbstractTransferListenerAdapter - Downloading https://repo.maven.apache.org/maven2/com/netflix/eureka/eureka-core/2.0.4/eureka-core-2.0.4-sources.jar
2026-08-04 14:52:41,102 [Worker-70: Download sources and javadoc] INFO  o.e.m.c.i.e.AbstractTransferListenerAdapter - Downloaded https://repo.maven.apache.org/maven2/com/netflix/eureka/eureka-core/2.0.4/eureka-core-2.0.4-sources.jar
2026-08-04 14:52:41,106 [Worker-70: Download sources and javadoc] INFO  o.e.m.j.internal.DownloadSourcesJob - Downloaded sources for com.netflix.eureka:eureka-core:2.0.4
2026-08-04 14:52:41,351 [Worker-70: Download sources and javadoc] INFO  o.e.m.c.i.e.AbstractTransferListenerAdapter - Downloading https://repo.maven.apache.org/maven2/org/glassfish/jersey/containers/jersey-container-servlet/3.1.10/jersey-container-servlet-3.1.10-sources.jar
2026-08-04 14:52:41,355 [Worker-70: Download sources and javadoc] INFO  o.e.m.c.i.e.AbstractTransferListenerAdapter - Downloaded https://repo.maven.apache.org/maven2/org/glassfish/jersey/containers/jersey-container-servlet/3.1.10/jersey-container-servlet-3.1.10-sources.jar
2026-08-04 14:52:41,359 [Worker-70: Download sources and javadoc] INFO  o.e.m.j.internal.DownloadSourcesJob - Downloaded sources for org.glassfish.jersey.containers:jersey-container-servlet:3.1.10
2026-08-04 14:52:41,555 [Worker-70: Download sources and javadoc] INFO  o.e.m.c.i.e.AbstractTransferListenerAdapter - Downloading https://repo.maven.apache.org/maven2/org/glassfish/jersey/containers/jersey-container-servlet-core/3.1.10/jersey-container-servlet-core-3.1.10-sources.jar
2026-08-04 14:52:41,579 [Worker-70: Download sources and javadoc] INFO  o.e.m.c.i.e.AbstractTransferListenerAdapter - Downloaded https://repo.maven.apache.org/maven2/org/glassfish/jersey/containers/jersey-container-servlet-core/3.1.10/jersey-container-servlet-core-3.1.10-sources.jar
2026-08-04 14:52:41,583 [Worker-70: Download sources and javadoc] INFO  o.e.m.j.internal.DownloadSourcesJob - Downloaded sources for org.glassfish.jersey.containers:jersey-container-servlet-core:3.1.10
2026-08-04 14:52:41,779 [Worker-70: Download sources and javadoc] INFO  o.e.m.c.i.e.AbstractTransferListenerAdapter - Downloading https://repo.maven.apache.org/maven2/org/glassfish/jersey/core/jersey-common/3.1.10/jersey-common-3.1.10-sources.jar
2026-08-04 14:52:42,191 [Worker-70: Download sources and javadoc] INFO  o.e.m.c.i.e.AbstractTransferListenerAdapter - Downloaded https://repo.maven.apache.org/maven2/org/glassfish/jersey/core/jersey-common/3.1.10/jersey-common-3.1.10-sources.jar
2026-08-04 14:52:42,196 [Worker-70: Download sources and javadoc] INFO  o.e.m.j.internal.DownloadSourcesJob - Downloaded sources for org.glassfish.jersey.core:jersey-common:3.1.10
2026-08-04 14:52:42,395 [Worker-70: Download sources and javadoc] INFO  o.e.m.c.i.e.AbstractTransferListenerAdapter - Downloading https://repo.maven.apache.org/maven2/org/glassfish/hk2/osgi-resource-locator/1.0.3/osgi-resource-locator-1.0.3-sources.jar
2026-08-04 14:52:42,398 [Worker-70: Download sources and javadoc] INFO  o.e.m.c.i.e.AbstractTransferListenerAdapter - Downloaded https://repo.maven.apache.org/maven2/org/glassfish/hk2/osgi-resource-locator/1.0.3/osgi-resource-locator-1.0.3-sources.jar
2026-08-04 14:52:42,402 [Worker-70: Download sources and javadoc] INFO  o.e.m.j.internal.DownloadSourcesJob - Downloaded sources for org.glassfish.hk2:osgi-resource-locator:1.0.3
2026-08-04 14:52:42,767 [Worker-70: Download sources and javadoc] INFO  o.e.m.c.i.e.AbstractTransferListenerAdapter - Downloading https://repo.maven.apache.org/maven2/jakarta/ws/rs/jakarta.ws.rs-api/3.1.0/jakarta.ws.rs-api-3.1.0-sources.jar
2026-08-04 14:52:42,924 [Worker-70: Download sources and javadoc] INFO  o.e.m.c.i.e.AbstractTransferListenerAdapter - Downloaded https://repo.maven.apache.org/maven2/jakarta/ws/rs/jakarta.ws.rs-api/3.1.0/jakarta.ws.rs-api-3.1.0-sources.jar
2026-08-04 14:52:42,928 [Worker-70: Download sources and javadoc] INFO  o.e.m.j.internal.DownloadSourcesJob - Downloaded sources for jakarta.ws.rs:jakarta.ws.rs-api:3.1.0
2026-08-04 14:52:43,159 [Worker-70: Download sources and javadoc] INFO  o.e.m.c.i.e.AbstractTransferListenerAdapter - Downloading https://repo.maven.apache.org/maven2/org/glassfish/jersey/core/jersey-server/3.1.10/jersey-server-3.1.10-sources.jar
2026-08-04 14:52:43,520 [Worker-70: Download sources and javadoc] INFO  o.e.m.c.i.e.AbstractTransferListenerAdapter - Downloaded https://repo.maven.apache.org/maven2/org/glassfish/jersey/core/jersey-server/3.1.10/jersey-server-3.1.10-sources.jar
2026-08-04 14:52:43,524 [Worker-70: Download sources and javadoc] INFO  o.e.m.j.internal.DownloadSourcesJob - Downloaded sources for org.glassfish.jersey.core:jersey-server:3.1.10
2026-08-04 14:52:43,800 [Worker-70: Download sources and javadoc] INFO  o.e.m.c.i.e.AbstractTransferListenerAdapter - Downloading https://repo.maven.apache.org/maven2/jakarta/validation/jakarta.validation-api/3.0.2/jakarta.validation-api-3.0.2-sources.jar
2026-08-04 14:52:43,915 [Worker-70: Download sources and javadoc] INFO  o.e.m.c.i.e.AbstractTransferListenerAdapter - Downloaded https://repo.maven.apache.org/maven2/jakarta/validation/jakarta.validation-api/3.0.2/jakarta.validation-api-3.0.2-sources.jar
2026-08-04 14:52:43,919 [Worker-70: Download sources and javadoc] INFO  o.e.m.j.internal.DownloadSourcesJob - Downloaded sources for jakarta.validation:jakarta.validation-api:3.0.2
2026-08-04 14:52:44,101 [Worker-70: Download sources and javadoc] INFO  o.e.m.c.i.e.AbstractTransferListenerAdapter - Downloading https://repo.maven.apache.org/maven2/org/glassfish/jersey/core/jersey-client/3.1.10/jersey-client-3.1.10-sources.jar
2026-08-04 14:52:44,239 [Worker-70: Download sources and javadoc] INFO  o.e.m.c.i.e.AbstractTransferListenerAdapter - Downloaded https://repo.maven.apache.org/maven2/org/glassfish/jersey/core/jersey-client/3.1.10/jersey-client-3.1.10-sources.jar
2026-08-04 14:52:44,244 [Worker-70: Download sources and javadoc] INFO  o.e.m.j.internal.DownloadSourcesJob - Downloaded sources for org.glassfish.jersey.core:jersey-client:3.1.10
2026-08-04 14:52:44,438 [Worker-70: Download sources and javadoc] INFO  o.e.m.c.i.e.AbstractTransferListenerAdapter - Downloading https://repo.maven.apache.org/maven2/org/glassfish/jersey/inject/jersey-hk2/3.1.10/jersey-hk2-3.1.10-sources.jar
2026-08-04 14:52:44,485 [Worker-70: Download sources and javadoc] INFO  o.e.m.c.i.e.AbstractTransferListenerAdapter - Downloaded https://repo.maven.apache.org/maven2/org/glassfish/jersey/inject/jersey-hk2/3.1.10/jersey-hk2-3.1.10-sources.jar
2026-08-04 14:52:44,491 [Worker-70: Download sources and javadoc] INFO  o.e.m.j.internal.DownloadSourcesJob - Downloaded sources for org.glassfish.jersey.inject:jersey-hk2:3.1.10
2026-08-04 14:52:44,677 [Worker-70: Download sources and javadoc] INFO  o.e.m.c.i.e.AbstractTransferListenerAdapter - Downloading https://repo.maven.apache.org/maven2/org/glassfish/hk2/hk2-locator/3.0.6/hk2-locator-3.0.6-sources.jar
2026-08-04 14:52:44,785 [Worker-70: Download sources and javadoc] INFO  o.e.m.c.i.e.AbstractTransferListenerAdapter - Downloaded https://repo.maven.apache.org/maven2/org/glassfish/hk2/hk2-locator/3.0.6/hk2-locator-3.0.6-sources.jar
2026-08-04 14:52:44,789 [Worker-70: Download sources and javadoc] INFO  o.e.m.j.internal.DownloadSourcesJob - Downloaded sources for org.glassfish.hk2:hk2-locator:3.0.6
2026-08-04 14:52:44,973 [Worker-70: Download sources and javadoc] INFO  o.e.m.c.i.e.AbstractTransferListenerAdapter - Downloading https://repo.maven.apache.org/maven2/org/glassfish/hk2/hk2-utils/3.0.6/hk2-utils-3.0.6-sources.jar
2026-08-04 14:52:45,038 [Worker-70: Download sources and javadoc] INFO  o.e.m.c.i.e.AbstractTransferListenerAdapter - Downloaded https://repo.maven.apache.org/maven2/org/glassfish/hk2/hk2-utils/3.0.6/hk2-utils-3.0.6-sources.jar
2026-08-04 14:52:45,042 [Worker-70: Download sources and javadoc] INFO  o.e.m.j.internal.DownloadSourcesJob - Downloaded sources for org.glassfish.hk2:hk2-utils:3.0.6
2026-08-04 14:52:45,252 [Worker-70: Download sources and javadoc] INFO  o.e.m.c.i.e.AbstractTransferListenerAdapter - Downloading https://repo.maven.apache.org/maven2/com/fasterxml/jackson/dataformat/jackson-dataformat-xml/2.19.2/jackson-dataformat-xml-2.19.2-sources.jar
2026-08-04 14:52:45,298 [Worker-70: Download sources and javadoc] INFO  o.e.m.c.i.e.AbstractTransferListenerAdapter - Downloaded https://repo.maven.apache.org/maven2/com/fasterxml/jackson/dataformat/jackson-dataformat-xml/2.19.2/jackson-dataformat-xml-2.19.2-sources.jar
2026-08-04 14:52:45,302 [Worker-70: Download sources and javadoc] INFO  o.e.m.j.internal.DownloadSourcesJob - Downloaded sources for com.fasterxml.jackson.dataformat:jackson-dataformat-xml:2.19.2
2026-08-04 14:52:45,550 [Worker-70: Download sources and javadoc] INFO  o.e.m.c.i.e.AbstractTransferListenerAdapter - Downloading https://repo.maven.apache.org/maven2/com/fasterxml/jackson/core/jackson-core/2.19.2/jackson-core-2.19.2-sources.jar
2026-08-04 14:52:45,828 [Worker-70: Download sources and javadoc] INFO  o.e.m.c.i.e.AbstractTransferListenerAdapter - Downloaded https://repo.maven.apache.org/maven2/com/fasterxml/jackson/core/jackson-core/2.19.2/jackson-core-2.19.2-sources.jar
2026-08-04 14:52:45,836 [Worker-70: Download sources and javadoc] INFO  o.e.m.j.internal.DownloadSourcesJob - Downloaded sources for com.fasterxml.jackson.core:jackson-core:2.19.2
2026-08-04 14:52:46,008 [Worker-70: Download sources and javadoc] INFO  o.e.m.c.i.e.AbstractTransferListenerAdapter - Downloading https://repo.maven.apache.org/maven2/com/fasterxml/jackson/core/jackson-annotations/2.19.2/jackson-annotations-2.19.2-sources.jar
2026-08-04 14:52:46,081 [Worker-70: Download sources and javadoc] INFO  o.e.m.c.i.e.AbstractTransferListenerAdapter - Downloaded https://repo.maven.apache.org/maven2/com/fasterxml/jackson/core/jackson-annotations/2.19.2/jackson-annotations-2.19.2-sources.jar
2026-08-04 14:52:46,085 [Worker-70: Download sources and javadoc] INFO  o.e.m.j.internal.DownloadSourcesJob - Downloaded sources for com.fasterxml.jackson.core:jackson-annotations:2.19.2
2026-08-04 14:52:46,284 [Worker-70: Download sources and javadoc] INFO  o.e.m.c.i.e.AbstractTransferListenerAdapter - Downloaded https://repo.maven.apache.org/maven2/org/springframework/cloud/spring-cloud-starter-loadbalancer/4.3.0/spring-cloud-starter-loadbalancer-4.3.0-sources.jar
2026-08-04 14:52:46,288 [Worker-70: Download sources and javadoc] ERROR o.e.m.j.internal.DownloadSourcesJob - Could not download sources for org.springframework.cloud:spring-cloud-starter-loadbalancer:4.3.0
org.eclipse.core.runtime.CoreException: Could not resolve artifact org.springframework.cloud:spring-cloud-starter-loadbalancer:jar:sources:4.3.0
	at org.eclipse.m2e.core.internal.embedder.MavenImpl.lambda$7(MavenImpl.java:581)
	at org.eclipse.m2e.core.internal.embedder.MavenExecutionContext.executeBare(MavenExecutionContext.java:462)
	at org.eclipse.m2e.core.internal.embedder.MavenExecutionContext.execute(MavenExecutionContext.java:295)
	at org.eclipse.m2e.core.internal.embedder.MavenExecutionContext.execute(MavenExecutionContext.java:281)
	at org.eclipse.m2e.core.internal.embedder.MavenImpl.resolve(MavenImpl.java:550)
	at org.eclipse.m2e.core.internal.embedder.MavenImpl.resolve(MavenImpl.java:535)
	at org.eclipse.m2e.jdt.internal.DownloadSourcesJob.download(DownloadSourcesJob.java:308)
	at org.eclipse.m2e.jdt.internal.DownloadSourcesJob.downloadAttachments(DownloadSourcesJob.java:282)
	at org.eclipse.m2e.jdt.internal.DownloadSourcesJob.downloadMaven(DownloadSourcesJob.java:252)
	at org.eclipse.m2e.jdt.internal.DownloadSourcesJob.downloadFilesAndPopulateToUpdate(DownloadSourcesJob.java:220)
	at org.eclipse.m2e.jdt.internal.DownloadSourcesJob.lambda$0(DownloadSourcesJob.java:149)
	at org.eclipse.m2e.core.internal.embedder.MavenExecutionContext.executeBare(MavenExecutionContext.java:462)
	at org.eclipse.m2e.core.internal.embedder.MavenExecutionContext.execute(MavenExecutionContext.java:342)
	at org.eclipse.m2e.core.internal.embedder.MavenExecutionContext.execute(MavenExecutionContext.java:281)
	at org.eclipse.m2e.core.embedder.IMaven.execute(IMaven.java:300)
	at org.eclipse.m2e.jdt.internal.DownloadSourcesJob.run(DownloadSourcesJob.java:149)
	at org.eclipse.core.internal.jobs.Worker.run(Worker.java:63)
2026-08-04 14:52:46,472 [Worker-70: Download sources and javadoc] INFO  o.e.m.c.i.e.AbstractTransferListenerAdapter - Downloading https://repo.maven.apache.org/maven2/org/springframework/cloud/spring-cloud-loadbalancer/4.3.0/spring-cloud-loadbalancer-4.3.0-sources.jar
2026-08-04 14:52:46,518 [Worker-70: Download sources and javadoc] INFO  o.e.m.c.i.e.AbstractTransferListenerAdapter - Downloaded https://repo.maven.apache.org/maven2/org/springframework/cloud/spring-cloud-loadbalancer/4.3.0/spring-cloud-loadbalancer-4.3.0-sources.jar
2026-08-04 14:52:46,524 [Worker-70: Download sources and javadoc] INFO  o.e.m.j.internal.DownloadSourcesJob - Downloaded sources for org.springframework.cloud:spring-cloud-loadbalancer:4.3.0
2026-08-04 14:52:46,728 [Worker-70: Download sources and javadoc] INFO  o.e.m.c.i.e.AbstractTransferListenerAdapter - Downloading https://repo.maven.apache.org/maven2/io/projectreactor/reactor-core/3.7.8/reactor-core-3.7.8-sources.jar
2026-08-04 14:52:47,559 [Worker-70: Download sources and javadoc] INFO  o.e.m.c.i.e.AbstractTransferListenerAdapter - Downloaded https://repo.maven.apache.org/maven2/io/projectreactor/reactor-core/3.7.8/reactor-core-3.7.8-sources.jar
2026-08-04 14:52:47,566 [Worker-70: Download sources and javadoc] INFO  o.e.m.j.internal.DownloadSourcesJob - Downloaded sources for io.projectreactor:reactor-core:3.7.8
2026-08-04 14:52:47,734 [Worker-70: Download sources and javadoc] INFO  o.e.m.c.i.e.AbstractTransferListenerAdapter - Downloading https://repo.maven.apache.org/maven2/io/projectreactor/addons/reactor-extra/3.5.2/reactor-extra-3.5.2-sources.jar
2026-08-04 14:52:47,808 [Worker-70: Download sources and javadoc] INFO  o.e.m.c.i.e.AbstractTransferListenerAdapter - Downloaded https://repo.maven.apache.org/maven2/io/projectreactor/addons/reactor-extra/3.5.2/reactor-extra-3.5.2-sources.jar
2026-08-04 14:52:47,817 [Worker-70: Download sources and javadoc] INFO  o.e.m.j.internal.DownloadSourcesJob - Downloaded sources for io.projectreactor.addons:reactor-extra:3.5.2
2026-08-04 14:52:48,042 [Worker-70: Download sources and javadoc] INFO  o.e.m.c.i.e.AbstractTransferListenerAdapter - Downloading https://repo.maven.apache.org/maven2/org/springframework/boot/spring-boot-starter-cache/3.5.4/spring-boot-starter-cache-3.5.4-sources.jar
2026-08-04 14:52:48,063 [Worker-70: Download sources and javadoc] INFO  o.e.m.c.i.e.AbstractTransferListenerAdapter - Downloaded https://repo.maven.apache.org/maven2/org/springframework/boot/spring-boot-starter-cache/3.5.4/spring-boot-starter-cache-3.5.4-sources.jar
2026-08-04 14:52:48,067 [Worker-70: Download sources and javadoc] INFO  o.e.m.j.internal.DownloadSourcesJob - Downloaded sources for org.springframework.boot:spring-boot-starter-cache:3.5.4
2026-08-04 14:52:48,243 [Worker-70: Download sources and javadoc] INFO  o.e.m.c.i.e.AbstractTransferListenerAdapter - Downloading https://repo.maven.apache.org/maven2/org/glassfish/jaxb/jaxb-runtime/4.0.5/jaxb-runtime-4.0.5-sources.jar
2026-08-04 14:52:48,723 [Worker-70: Download sources and javadoc] INFO  o.e.m.c.i.e.AbstractTransferListenerAdapter - Downloaded https://repo.maven.apache.org/maven2/org/glassfish/jaxb/jaxb-runtime/4.0.5/jaxb-runtime-4.0.5-sources.jar
2026-08-04 14:52:48,726 [Worker-70: Download sources and javadoc] INFO  o.e.m.j.internal.DownloadSourcesJob - Downloaded sources for org.glassfish.jaxb:jaxb-runtime:4.0.5
2026-08-04 14:52:48,918 [Worker-70: Download sources and javadoc] INFO  o.e.m.c.i.e.AbstractTransferListenerAdapter - Downloading https://repo.maven.apache.org/maven2/org/glassfish/jaxb/jaxb-core/4.0.5/jaxb-core-4.0.5-sources.jar
2026-08-04 14:52:49,049 [Worker-70: Download sources and javadoc] INFO  o.e.m.c.i.e.AbstractTransferListenerAdapter - Downloaded https://repo.maven.apache.org/maven2/org/glassfish/jaxb/jaxb-core/4.0.5/jaxb-core-4.0.5-sources.jar
2026-08-04 14:52:49,052 [Worker-70: Download sources and javadoc] INFO  o.e.m.j.internal.DownloadSourcesJob - Downloaded sources for org.glassfish.jaxb:jaxb-core:4.0.5
2026-08-04 14:52:49,234 [Worker-70: Download sources and javadoc] INFO  o.e.m.c.i.e.AbstractTransferListenerAdapter - Downloading https://repo.maven.apache.org/maven2/org/eclipse/angus/angus-activation/2.0.2/angus-activation-2.0.2-sources.jar
2026-08-04 14:52:49,252 [Worker-70: Download sources and javadoc] INFO  o.e.m.c.i.e.AbstractTransferListenerAdapter - Downloaded https://repo.maven.apache.org/maven2/org/eclipse/angus/angus-activation/2.0.2/angus-activation-2.0.2-sources.jar
2026-08-04 14:52:49,257 [Worker-70: Download sources and javadoc] INFO  o.e.m.j.internal.DownloadSourcesJob - Downloaded sources for org.eclipse.angus:angus-activation:2.0.2
2026-08-04 14:52:49,459 [Worker-70: Download sources and javadoc] INFO  o.e.m.c.i.e.AbstractTransferListenerAdapter - Downloading https://repo.maven.apache.org/maven2/org/glassfish/jaxb/txw2/4.0.5/txw2-4.0.5-sources.jar
2026-08-04 14:52:49,522 [Worker-70: Download sources and javadoc] INFO  o.e.m.c.i.e.AbstractTransferListenerAdapter - Downloaded https://repo.maven.apache.org/maven2/org/glassfish/jaxb/txw2/4.0.5/txw2-4.0.5-sources.jar
2026-08-04 14:52:49,530 [Worker-70: Download sources and javadoc] INFO  o.e.m.j.internal.DownloadSourcesJob - Downloaded sources for org.glassfish.jaxb:txw2:4.0.5
2026-08-04 14:52:49,746 [Worker-70: Download sources and javadoc] INFO  o.e.m.c.i.e.AbstractTransferListenerAdapter - Downloading https://repo.maven.apache.org/maven2/org/springframework/boot/spring-boot-starter-actuator/3.5.4/spring-boot-starter-actuator-3.5.4-sources.jar
2026-08-04 14:52:49,777 [Worker-70: Download sources and javadoc] INFO  o.e.m.c.i.e.AbstractTransferListenerAdapter - Downloaded https://repo.maven.apache.org/maven2/org/springframework/boot/spring-boot-starter-actuator/3.5.4/spring-boot-starter-actuator-3.5.4-sources.jar
2026-08-04 14:52:49,781 [Worker-70: Download sources and javadoc] INFO  o.e.m.j.internal.DownloadSourcesJob - Downloaded sources for org.springframework.boot:spring-boot-starter-actuator:3.5.4
2026-08-04 14:52:50,013 [Worker-70: Download sources and javadoc] INFO  o.e.m.c.i.e.AbstractTransferListenerAdapter - Downloading https://repo.maven.apache.org/maven2/org/springframework/boot/spring-boot-starter/3.5.4/spring-boot-starter-3.5.4-sources.jar
2026-08-04 14:52:50,039 [Worker-70: Download sources and javadoc] INFO  o.e.m.c.i.e.AbstractTransferListenerAdapter - Downloaded https://repo.maven.apache.org/maven2/org/springframework/boot/spring-boot-starter/3.5.4/spring-boot-starter-3.5.4-sources.jar
2026-08-04 14:52:50,043 [Worker-70: Download sources and javadoc] INFO  o.e.m.j.internal.DownloadSourcesJob - Downloaded sources for org.springframework.boot:spring-boot-starter:3.5.4
2026-08-04 14:52:50,292 [Worker-70: Download sources and javadoc] INFO  o.e.m.c.i.e.AbstractTransferListenerAdapter - Downloading https://repo.maven.apache.org/maven2/org/springframework/boot/spring-boot-starter-logging/3.5.4/spring-boot-starter-logging-3.5.4-sources.jar
2026-08-04 14:52:50,298 [Worker-70: Download sources and javadoc] INFO  o.e.m.c.i.e.AbstractTransferListenerAdapter - Downloaded https://repo.maven.apache.org/maven2/org/springframework/boot/spring-boot-starter-logging/3.5.4/spring-boot-starter-logging-3.5.4-sources.jar
2026-08-04 14:52:50,300 [Worker-70: Download sources and javadoc] INFO  o.e.m.j.internal.DownloadSourcesJob - Downloaded sources for org.springframework.boot:spring-boot-starter-logging:3.5.4
2026-08-04 14:52:50,623 [Worker-70: Download sources and javadoc] INFO  o.e.m.c.i.e.AbstractTransferListenerAdapter - Downloading https://repo.maven.apache.org/maven2/ch/qos/logback/logback-classic/1.5.18/logback-classic-1.5.18-sources.jar
2026-08-04 14:52:50,731 [Worker-70: Download sources and javadoc] INFO  o.e.m.c.i.e.AbstractTransferListenerAdapter - Downloaded https://repo.maven.apache.org/maven2/ch/qos/logback/logback-classic/1.5.18/logback-classic-1.5.18-sources.jar
2026-08-04 14:52:50,734 [Worker-70: Download sources and javadoc] INFO  o.e.m.j.internal.DownloadSourcesJob - Downloaded sources for ch.qos.logback:logback-classic:1.5.18
2026-08-04 14:52:50,933 [Worker-70: Download sources and javadoc] INFO  o.e.m.c.i.e.AbstractTransferListenerAdapter - Downloading https://repo.maven.apache.org/maven2/ch/qos/logback/logback-core/1.5.18/logback-core-1.5.18-sources.jar
2026-08-04 14:52:51,317 [Worker-70: Download sources and javadoc] INFO  o.e.m.c.i.e.AbstractTransferListenerAdapter - Downloaded https://repo.maven.apache.org/maven2/ch/qos/logback/logback-core/1.5.18/logback-core-1.5.18-sources.jar
2026-08-04 14:52:51,321 [Worker-70: Download sources and javadoc] INFO  o.e.m.j.internal.DownloadSourcesJob - Downloaded sources for ch.qos.logback:logback-core:1.5.18
2026-08-04 14:52:51,684 [Worker-70: Download sources and javadoc] INFO  o.e.m.c.i.e.AbstractTransferListenerAdapter - Downloading https://repo.maven.apache.org/maven2/org/apache/logging/log4j/log4j-to-slf4j/2.24.3/log4j-to-slf4j-2.24.3-sources.jar
2026-08-04 14:52:51,729 [Worker-70: Download sources and javadoc] INFO  o.e.m.c.i.e.AbstractTransferListenerAdapter - Downloaded https://repo.maven.apache.org/maven2/org/apache/logging/log4j/log4j-to-slf4j/2.24.3/log4j-to-slf4j-2.24.3-sources.jar
2026-08-04 14:52:51,732 [Worker-70: Download sources and javadoc] INFO  o.e.m.j.internal.DownloadSourcesJob - Downloaded sources for org.apache.logging.log4j:log4j-to-slf4j:2.24.3
2026-08-04 14:52:52,054 [Worker-70: Download sources and javadoc] INFO  o.e.m.c.i.e.AbstractTransferListenerAdapter - Downloading https://repo.maven.apache.org/maven2/org/apache/logging/log4j/log4j-api/2.24.3/log4j-api-2.24.3-sources.jar
2026-08-04 14:52:52,208 [Worker-70: Download sources and javadoc] INFO  o.e.m.c.i.e.AbstractTransferListenerAdapter - Downloaded https://repo.maven.apache.org/maven2/org/apache/logging/log4j/log4j-api/2.24.3/log4j-api-2.24.3-sources.jar
2026-08-04 14:52:52,213 [Worker-70: Download sources and javadoc] INFO  o.e.m.j.internal.DownloadSourcesJob - Downloaded sources for org.apache.logging.log4j:log4j-api:2.24.3
2026-08-04 14:52:52,415 [Worker-70: Download sources and javadoc] INFO  o.e.m.c.i.e.AbstractTransferListenerAdapter - Downloading https://repo.maven.apache.org/maven2/org/slf4j/jul-to-slf4j/2.0.17/jul-to-slf4j-2.0.17-sources.jar
2026-08-04 14:52:52,418 [Worker-70: Download sources and javadoc] INFO  o.e.m.c.i.e.AbstractTransferListenerAdapter - Downloaded https://repo.maven.apache.org/maven2/org/slf4j/jul-to-slf4j/2.0.17/jul-to-slf4j-2.0.17-sources.jar
2026-08-04 14:52:52,421 [Worker-70: Download sources and javadoc] INFO  o.e.m.j.internal.DownloadSourcesJob - Downloaded sources for org.slf4j:jul-to-slf4j:2.0.17
2026-08-04 14:52:52,682 [Worker-70: Download sources and javadoc] INFO  o.e.m.c.i.e.AbstractTransferListenerAdapter - Downloading https://repo.maven.apache.org/maven2/jakarta/annotation/jakarta.annotation-api/2.1.1/jakarta.annotation-api-2.1.1-sources.jar
2026-08-04 14:52:52,735 [Worker-70: Download sources and javadoc] INFO  o.e.m.c.i.e.AbstractTransferListenerAdapter - Downloaded https://repo.maven.apache.org/maven2/jakarta/annotation/jakarta.annotation-api/2.1.1/jakarta.annotation-api-2.1.1-sources.jar
2026-08-04 14:52:52,738 [Worker-70: Download sources and javadoc] INFO  o.e.m.j.internal.DownloadSourcesJob - Downloaded sources for jakarta.annotation:jakarta.annotation-api:2.1.1
2026-08-04 14:52:52,943 [Worker-70: Download sources and javadoc] INFO  o.e.m.c.i.e.AbstractTransferListenerAdapter - Downloading https://repo.maven.apache.org/maven2/org/yaml/snakeyaml/2.4/snakeyaml-2.4-sources.jar
2026-08-04 14:52:53,100 [Worker-70: Download sources and javadoc] INFO  o.e.m.c.i.e.AbstractTransferListenerAdapter - Downloaded https://repo.maven.apache.org/maven2/org/yaml/snakeyaml/2.4/snakeyaml-2.4-sources.jar
2026-08-04 14:52:53,103 [Worker-70: Download sources and javadoc] INFO  o.e.m.j.internal.DownloadSourcesJob - Downloaded sources for org.yaml:snakeyaml:2.4
2026-08-04 14:52:53,325 [Worker-70: Download sources and javadoc] INFO  o.e.m.c.i.e.AbstractTransferListenerAdapter - Downloading https://repo.maven.apache.org/maven2/org/springframework/boot/spring-boot-actuator-autoconfigure/3.5.4/spring-boot-actuator-autoconfigure-3.5.4-sources.jar
2026-08-04 14:52:53,655 [Worker-70: Download sources and javadoc] INFO  o.e.m.c.i.e.AbstractTransferListenerAdapter - Downloaded https://repo.maven.apache.org/maven2/org/springframework/boot/spring-boot-actuator-autoconfigure/3.5.4/spring-boot-actuator-autoconfigure-3.5.4-sources.jar
2026-08-04 14:52:53,657 [Worker-70: Download sources and javadoc] INFO  o.e.m.j.internal.DownloadSourcesJob - Downloaded sources for org.springframework.boot:spring-boot-actuator-autoconfigure:3.5.4
2026-08-04 14:52:53,882 [Worker-70: Download sources and javadoc] INFO  o.e.m.c.i.e.AbstractTransferListenerAdapter - Downloading https://repo.maven.apache.org/maven2/org/springframework/boot/spring-boot-actuator/3.5.4/spring-boot-actuator-3.5.4-sources.jar
2026-08-04 14:52:54,164 [Worker-70: Download sources and javadoc] INFO  o.e.m.c.i.e.AbstractTransferListenerAdapter - Downloaded https://repo.maven.apache.org/maven2/org/springframework/boot/spring-boot-actuator/3.5.4/spring-boot-actuator-3.5.4-sources.jar
2026-08-04 14:52:54,167 [Worker-70: Download sources and javadoc] INFO  o.e.m.j.internal.DownloadSourcesJob - Downloaded sources for org.springframework.boot:spring-boot-actuator:3.5.4
2026-08-04 14:52:54,369 [Worker-70: Download sources and javadoc] INFO  o.e.m.c.i.e.AbstractTransferListenerAdapter - Downloading https://repo.maven.apache.org/maven2/com/fasterxml/jackson/core/jackson-databind/2.19.2/jackson-databind-2.19.2-sources.jar
2026-08-04 14:52:54,893 [Worker-70: Download sources and javadoc] INFO  o.e.m.c.i.e.AbstractTransferListenerAdapter - Downloaded https://repo.maven.apache.org/maven2/com/fasterxml/jackson/core/jackson-databind/2.19.2/jackson-databind-2.19.2-sources.jar
2026-08-04 14:52:54,899 [Worker-70: Download sources and javadoc] INFO  o.e.m.j.internal.DownloadSourcesJob - Downloaded sources for com.fasterxml.jackson.core:jackson-databind:2.19.2
2026-08-04 14:52:55,103 [Worker-70: Download sources and javadoc] INFO  o.e.m.c.i.e.AbstractTransferListenerAdapter - Downloading https://repo.maven.apache.org/maven2/com/fasterxml/jackson/datatype/jackson-datatype-jsr310/2.19.2/jackson-datatype-jsr310-2.19.2-sources.jar
2026-08-04 14:52:55,221 [Worker-70: Download sources and javadoc] INFO  o.e.m.c.i.e.AbstractTransferListenerAdapter - Downloaded https://repo.maven.apache.org/maven2/com/fasterxml/jackson/datatype/jackson-datatype-jsr310/2.19.2/jackson-datatype-jsr310-2.19.2-sources.jar
2026-08-04 14:52:55,226 [Worker-70: Download sources and javadoc] INFO  o.e.m.j.internal.DownloadSourcesJob - Downloaded sources for com.fasterxml.jackson.datatype:jackson-datatype-jsr310:2.19.2
2026-08-04 14:52:55,425 [Worker-70: Download sources and javadoc] INFO  o.e.m.c.i.e.AbstractTransferListenerAdapter - Downloading https://repo.maven.apache.org/maven2/io/micrometer/micrometer-observation/1.15.2/micrometer-observation-1.15.2-sources.jar
2026-08-04 14:52:55,458 [Worker-70: Download sources and javadoc] INFO  o.e.m.c.i.e.AbstractTransferListenerAdapter - Downloaded https://repo.maven.apache.org/maven2/io/micrometer/micrometer-observation/1.15.2/micrometer-observation-1.15.2-sources.jar
2026-08-04 14:52:55,463 [Worker-70: Download sources and javadoc] INFO  o.e.m.j.internal.DownloadSourcesJob - Downloaded sources for io.micrometer:micrometer-observation:1.15.2
2026-08-04 14:52:55,633 [Worker-70: Download sources and javadoc] INFO  o.e.m.c.i.e.AbstractTransferListenerAdapter - Downloading https://repo.maven.apache.org/maven2/io/micrometer/micrometer-commons/1.15.2/micrometer-commons-1.15.2-sources.jar
2026-08-04 14:52:55,655 [Worker-70: Download sources and javadoc] INFO  o.e.m.c.i.e.AbstractTransferListenerAdapter - Downloaded https://repo.maven.apache.org/maven2/io/micrometer/micrometer-commons/1.15.2/micrometer-commons-1.15.2-sources.jar
2026-08-04 14:52:55,658 [Worker-70: Download sources and javadoc] INFO  o.e.m.j.internal.DownloadSourcesJob - Downloaded sources for io.micrometer:micrometer-commons:1.15.2
2026-08-04 14:52:55,861 [Worker-70: Download sources and javadoc] INFO  o.e.m.c.i.e.AbstractTransferListenerAdapter - Downloading https://repo.maven.apache.org/maven2/io/micrometer/micrometer-jakarta9/1.15.2/micrometer-jakarta9-1.15.2-sources.jar
2026-08-04 14:52:55,874 [Worker-70: Download sources and javadoc] INFO  o.e.m.c.i.e.AbstractTransferListenerAdapter - Downloaded https://repo.maven.apache.org/maven2/io/micrometer/micrometer-jakarta9/1.15.2/micrometer-jakarta9-1.15.2-sources.jar
2026-08-04 14:52:55,878 [Worker-70: Download sources and javadoc] INFO  o.e.m.j.internal.DownloadSourcesJob - Downloaded sources for io.micrometer:micrometer-jakarta9:1.15.2
2026-08-04 14:52:56,079 [Worker-70: Download sources and javadoc] INFO  o.e.m.c.i.e.AbstractTransferListenerAdapter - Downloading https://repo.maven.apache.org/maven2/io/micrometer/micrometer-core/1.15.2/micrometer-core-1.15.2-sources.jar
2026-08-04 14:52:56,335 [Worker-70: Download sources and javadoc] INFO  o.e.m.c.i.e.AbstractTransferListenerAdapter - Downloaded https://repo.maven.apache.org/maven2/io/micrometer/micrometer-core/1.15.2/micrometer-core-1.15.2-sources.jar
2026-08-04 14:52:56,337 [Worker-70: Download sources and javadoc] INFO  o.e.m.j.internal.DownloadSourcesJob - Downloaded sources for io.micrometer:micrometer-core:1.15.2
2026-08-04 14:52:56,552 [Worker-70: Download sources and javadoc] INFO  o.e.m.c.i.e.AbstractTransferListenerAdapter - Downloading https://repo.maven.apache.org/maven2/org/springframework/boot/spring-boot-devtools/3.5.4/spring-boot-devtools-3.5.4-sources.jar
2026-08-04 14:52:56,672 [Worker-70: Download sources and javadoc] INFO  o.e.m.c.i.e.AbstractTransferListenerAdapter - Downloaded https://repo.maven.apache.org/maven2/org/springframework/boot/spring-boot-devtools/3.5.4/spring-boot-devtools-3.5.4-sources.jar
2026-08-04 14:52:56,675 [Worker-70: Download sources and javadoc] INFO  o.e.m.j.internal.DownloadSourcesJob - Downloaded sources for org.springframework.boot:spring-boot-devtools:3.5.4
2026-08-04 14:52:56,927 [Worker-70: Download sources and javadoc] INFO  o.e.m.c.i.e.AbstractTransferListenerAdapter - Downloading https://repo.maven.apache.org/maven2/org/springframework/boot/spring-boot/3.5.4/spring-boot-3.5.4-sources.jar
2026-08-04 14:52:57,439 [Worker-70: Download sources and javadoc] INFO  o.e.m.c.i.e.AbstractTransferListenerAdapter - Downloaded https://repo.maven.apache.org/maven2/org/springframework/boot/spring-boot/3.5.4/spring-boot-3.5.4-sources.jar
2026-08-04 14:52:57,446 [Worker-70: Download sources and javadoc] INFO  o.e.m.j.internal.DownloadSourcesJob - Downloaded sources for org.springframework.boot:spring-boot:3.5.4
2026-08-04 14:52:57,733 [Worker-70: Download sources and javadoc] INFO  o.e.m.c.i.e.AbstractTransferListenerAdapter - Downloading https://repo.maven.apache.org/maven2/org/springframework/spring-context/6.2.9/spring-context-6.2.9-sources.jar
2026-08-04 14:52:58,488 [Worker-70: Download sources and javadoc] INFO  o.e.m.c.i.e.AbstractTransferListenerAdapter - Downloaded https://repo.maven.apache.org/maven2/org/springframework/spring-context/6.2.9/spring-context-6.2.9-sources.jar
2026-08-04 14:52:58,491 [Worker-70: Download sources and javadoc] INFO  o.e.m.j.internal.DownloadSourcesJob - Downloaded sources for org.springframework:spring-context:6.2.9
2026-08-04 14:52:58,767 [Worker-70: Download sources and javadoc] INFO  o.e.m.c.i.e.AbstractTransferListenerAdapter - Downloading https://repo.maven.apache.org/maven2/org/springframework/spring-aop/6.2.9/spring-aop-6.2.9-sources.jar
2026-08-04 14:52:59,117 [Worker-70: Download sources and javadoc] INFO  o.e.m.c.i.e.AbstractTransferListenerAdapter - Downloaded https://repo.maven.apache.org/maven2/org/springframework/spring-aop/6.2.9/spring-aop-6.2.9-sources.jar
2026-08-04 14:52:59,120 [Worker-70: Download sources and javadoc] INFO  o.e.m.j.internal.DownloadSourcesJob - Downloaded sources for org.springframework:spring-aop:6.2.9
2026-08-04 14:52:59,337 [Worker-70: Download sources and javadoc] INFO  o.e.m.c.i.e.AbstractTransferListenerAdapter - Downloading https://repo.maven.apache.org/maven2/org/springframework/spring-beans/6.2.9/spring-beans-6.2.9-sources.jar
2026-08-04 14:52:59,708 [Worker-70: Download sources and javadoc] INFO  o.e.m.c.i.e.AbstractTransferListenerAdapter - Downloaded https://repo.maven.apache.org/maven2/org/springframework/spring-beans/6.2.9/spring-beans-6.2.9-sources.jar
2026-08-04 14:52:59,710 [Worker-70: Download sources and javadoc] INFO  o.e.m.j.internal.DownloadSourcesJob - Downloaded sources for org.springframework:spring-beans:6.2.9
2026-08-04 14:52:59,902 [Worker-70: Download sources and javadoc] INFO  o.e.m.c.i.e.AbstractTransferListenerAdapter - Downloading https://repo.maven.apache.org/maven2/org/springframework/spring-expression/6.2.9/spring-expression-6.2.9-sources.jar
2026-08-04 14:53:00,007 [Worker-70: Download sources and javadoc] INFO  o.e.m.c.i.e.AbstractTransferListenerAdapter - Downloaded https://repo.maven.apache.org/maven2/org/springframework/spring-expression/6.2.9/spring-expression-6.2.9-sources.jar
2026-08-04 14:53:00,010 [Worker-70: Download sources and javadoc] INFO  o.e.m.j.internal.DownloadSourcesJob - Downloaded sources for org.springframework:spring-expression:6.2.9
2026-08-04 14:53:00,212 [Worker-70: Download sources and javadoc] INFO  o.e.m.c.i.e.AbstractTransferListenerAdapter - Downloading https://repo.maven.apache.org/maven2/org/springframework/boot/spring-boot-autoconfigure/3.5.4/spring-boot-autoconfigure-3.5.4-sources.jar
2026-08-04 14:53:00,721 [Worker-70: Download sources and javadoc] INFO  o.e.m.c.i.e.AbstractTransferListenerAdapter - Downloaded https://repo.maven.apache.org/maven2/org/springframework/boot/spring-boot-autoconfigure/3.5.4/spring-boot-autoconfigure-3.5.4-sources.jar
2026-08-04 14:53:00,724 [Worker-70: Download sources and javadoc] INFO  o.e.m.j.internal.DownloadSourcesJob - Downloaded sources for org.springframework.boot:spring-boot-autoconfigure:3.5.4
2026-08-04 14:53:00,910 [Worker-70: Download sources and javadoc] INFO  o.e.m.c.i.e.AbstractTransferListenerAdapter - Downloading https://repo.maven.apache.org/maven2/org/springframework/boot/spring-boot-starter-test/3.5.4/spring-boot-starter-test-3.5.4-sources.jar
2026-08-04 14:53:00,939 [Worker-70: Download sources and javadoc] INFO  o.e.m.c.i.e.AbstractTransferListenerAdapter - Downloaded https://repo.maven.apache.org/maven2/org/springframework/boot/spring-boot-starter-test/3.5.4/spring-boot-starter-test-3.5.4-sources.jar
2026-08-04 14:53:00,942 [Worker-70: Download sources and javadoc] INFO  o.e.m.j.internal.DownloadSourcesJob - Downloaded sources for org.springframework.boot:spring-boot-starter-test:3.5.4
2026-08-04 14:53:01,119 [Worker-70: Download sources and javadoc] INFO  o.e.m.c.i.e.AbstractTransferListenerAdapter - Downloading https://repo.maven.apache.org/maven2/org/springframework/boot/spring-boot-test/3.5.4/spring-boot-test-3.5.4-sources.jar
2026-08-04 14:53:01,248 [Worker-70: Download sources and javadoc] INFO  o.e.m.c.i.e.AbstractTransferListenerAdapter - Downloaded https://repo.maven.apache.org/maven2/org/springframework/boot/spring-boot-test/3.5.4/spring-boot-test-3.5.4-sources.jar
2026-08-04 14:53:01,251 [Worker-70: Download sources and javadoc] INFO  o.e.m.j.internal.DownloadSourcesJob - Downloaded sources for org.springframework.boot:spring-boot-test:3.5.4
2026-08-04 14:53:01,469 [Worker-70: Download sources and javadoc] INFO  o.e.m.c.i.e.AbstractTransferListenerAdapter - Downloading https://repo.maven.apache.org/maven2/org/springframework/boot/spring-boot-test-autoconfigure/3.5.4/spring-boot-test-autoconfigure-3.5.4-sources.jar
2026-08-04 14:53:01,624 [Worker-70: Download sources and javadoc] INFO  o.e.m.c.i.e.AbstractTransferListenerAdapter - Downloaded https://repo.maven.apache.org/maven2/org/springframework/boot/spring-boot-test-autoconfigure/3.5.4/spring-boot-test-autoconfigure-3.5.4-sources.jar
2026-08-04 14:53:01,631 [Worker-70: Download sources and javadoc] INFO  o.e.m.j.internal.DownloadSourcesJob - Downloaded sources for org.springframework.boot:spring-boot-test-autoconfigure:3.5.4
2026-08-04 14:53:01,842 [Worker-70: Download sources and javadoc] INFO  o.e.m.c.i.e.AbstractTransferListenerAdapter - Downloading https://repo.maven.apache.org/maven2/com/jayway/jsonpath/json-path/2.9.0/json-path-2.9.0-sources.jar
2026-08-04 14:53:02,059 [Worker-70: Download sources and javadoc] INFO  o.e.m.c.i.e.AbstractTransferListenerAdapter - Downloaded https://repo.maven.apache.org/maven2/com/jayway/jsonpath/json-path/2.9.0/json-path-2.9.0-sources.jar
2026-08-04 14:53:02,063 [Worker-70: Download sources and javadoc] INFO  o.e.m.j.internal.DownloadSourcesJob - Downloaded sources for com.jayway.jsonpath:json-path:2.9.0
2026-08-04 14:53:02,260 [Worker-70: Download sources and javadoc] INFO  o.e.m.c.i.e.AbstractTransferListenerAdapter - Downloading https://repo.maven.apache.org/maven2/org/slf4j/slf4j-api/2.0.17/slf4j-api-2.0.17-sources.jar
2026-08-04 14:53:02,343 [Worker-70: Download sources and javadoc] INFO  o.e.m.c.i.e.AbstractTransferListenerAdapter - Downloaded https://repo.maven.apache.org/maven2/org/slf4j/slf4j-api/2.0.17/slf4j-api-2.0.17-sources.jar
2026-08-04 14:53:02,349 [Worker-70: Download sources and javadoc] INFO  o.e.m.j.internal.DownloadSourcesJob - Downloaded sources for org.slf4j:slf4j-api:2.0.17
2026-08-04 14:53:02,576 [Worker-70: Download sources and javadoc] INFO  o.e.m.c.i.e.AbstractTransferListenerAdapter - Downloading https://repo.maven.apache.org/maven2/jakarta/xml/bind/jakarta.xml.bind-api/4.0.2/jakarta.xml.bind-api-4.0.2-sources.jar
2026-08-04 14:53:02,672 [Worker-70: Download sources and javadoc] INFO  o.e.m.c.i.e.AbstractTransferListenerAdapter - Downloaded https://repo.maven.apache.org/maven2/jakarta/xml/bind/jakarta.xml.bind-api/4.0.2/jakarta.xml.bind-api-4.0.2-sources.jar
2026-08-04 14:53:02,675 [Worker-70: Download sources and javadoc] INFO  o.e.m.j.internal.DownloadSourcesJob - Downloaded sources for jakarta.xml.bind:jakarta.xml.bind-api:4.0.2
2026-08-04 14:53:02,888 [Worker-70: Download sources and javadoc] INFO  o.e.m.c.i.e.AbstractTransferListenerAdapter - Downloading https://repo.maven.apache.org/maven2/jakarta/activation/jakarta.activation-api/2.1.3/jakarta.activation-api-2.1.3-sources.jar
2026-08-04 14:53:02,907 [Worker-70: Download sources and javadoc] INFO  o.e.m.c.i.e.AbstractTransferListenerAdapter - Downloaded https://repo.maven.apache.org/maven2/jakarta/activation/jakarta.activation-api/2.1.3/jakarta.activation-api-2.1.3-sources.jar
2026-08-04 14:53:02,910 [Worker-70: Download sources and javadoc] INFO  o.e.m.j.internal.DownloadSourcesJob - Downloaded sources for jakarta.activation:jakarta.activation-api:2.1.3
2026-08-04 14:53:03,071 [Worker-70: Download sources and javadoc] INFO  o.e.m.c.i.e.AbstractTransferListenerAdapter - Downloading https://repo.maven.apache.org/maven2/net/minidev/json-smart/2.5.2/json-smart-2.5.2-sources.jar
2026-08-04 14:53:03,132 [Worker-70: Download sources and javadoc] INFO  o.e.m.c.i.e.AbstractTransferListenerAdapter - Downloaded https://repo.maven.apache.org/maven2/net/minidev/json-smart/2.5.2/json-smart-2.5.2-sources.jar
2026-08-04 14:53:03,136 [Worker-70: Download sources and javadoc] INFO  o.e.m.j.internal.DownloadSourcesJob - Downloaded sources for net.minidev:json-smart:2.5.2
2026-08-04 14:53:03,323 [Worker-70: Download sources and javadoc] INFO  o.e.m.c.i.e.AbstractTransferListenerAdapter - Downloading https://repo.maven.apache.org/maven2/net/minidev/accessors-smart/2.5.2/accessors-smart-2.5.2-sources.jar
2026-08-04 14:53:03,377 [Worker-70: Download sources and javadoc] INFO  o.e.m.c.i.e.AbstractTransferListenerAdapter - Downloaded https://repo.maven.apache.org/maven2/net/minidev/accessors-smart/2.5.2/accessors-smart-2.5.2-sources.jar
2026-08-04 14:53:03,381 [Worker-70: Download sources and javadoc] INFO  o.e.m.j.internal.DownloadSourcesJob - Downloaded sources for net.minidev:accessors-smart:2.5.2
2026-08-04 14:53:03,569 [Worker-70: Download sources and javadoc] INFO  o.e.m.c.i.e.AbstractTransferListenerAdapter - Downloading https://repo.maven.apache.org/maven2/org/assertj/assertj-core/3.27.3/assertj-core-3.27.3-sources.jar
2026-08-04 14:53:03,972 [Worker-70: Download sources and javadoc] INFO  o.e.m.c.i.e.AbstractTransferListenerAdapter - Downloaded https://repo.maven.apache.org/maven2/org/assertj/assertj-core/3.27.3/assertj-core-3.27.3-sources.jar
2026-08-04 14:53:03,976 [Worker-70: Download sources and javadoc] INFO  o.e.m.j.internal.DownloadSourcesJob - Downloaded sources for org.assertj:assertj-core:3.27.3
2026-08-04 14:53:04,177 [Worker-70: Download sources and javadoc] INFO  o.e.m.c.i.e.AbstractTransferListenerAdapter - Downloading https://repo.maven.apache.org/maven2/net/bytebuddy/byte-buddy/1.17.6/byte-buddy-1.17.6-sources.jar
2026-08-04 14:53:05,002 [Worker-70: Download sources and javadoc] INFO  o.e.m.c.i.e.AbstractTransferListenerAdapter - Downloaded https://repo.maven.apache.org/maven2/net/bytebuddy/byte-buddy/1.17.6/byte-buddy-1.17.6-sources.jar
2026-08-04 14:53:05,006 [Worker-70: Download sources and javadoc] INFO  o.e.m.j.internal.DownloadSourcesJob - Downloaded sources for net.bytebuddy:byte-buddy:1.17.6
2026-08-04 14:53:05,189 [Worker-70: Download sources and javadoc] INFO  o.e.m.c.i.e.AbstractTransferListenerAdapter - Downloading https://repo.maven.apache.org/maven2/org/awaitility/awaitility/4.2.2/awaitility-4.2.2-sources.jar
2026-08-04 14:53:05,323 [Worker-70: Download sources and javadoc] INFO  o.e.m.c.i.e.AbstractTransferListenerAdapter - Downloaded https://repo.maven.apache.org/maven2/org/awaitility/awaitility/4.2.2/awaitility-4.2.2-sources.jar
2026-08-04 14:53:05,326 [Worker-70: Download sources and javadoc] INFO  o.e.m.j.internal.DownloadSourcesJob - Downloaded sources for org.awaitility:awaitility:4.2.2
2026-08-04 14:53:05,510 [Worker-70: Download sources and javadoc] INFO  o.e.m.c.i.e.AbstractTransferListenerAdapter - Downloading https://repo.maven.apache.org/maven2/org/junit/jupiter/junit-jupiter/5.12.2/junit-jupiter-5.12.2-sources.jar
2026-08-04 14:53:05,550 [Worker-70: Download sources and javadoc] INFO  o.e.m.c.i.e.AbstractTransferListenerAdapter - Downloaded https://repo.maven.apache.org/maven2/org/junit/jupiter/junit-jupiter/5.12.2/junit-jupiter-5.12.2-sources.jar
2026-08-04 14:53:05,553 [Worker-70: Download sources and javadoc] INFO  o.e.m.j.internal.DownloadSourcesJob - Downloaded sources for org.junit.jupiter:junit-jupiter:5.12.2
2026-08-04 14:53:05,768 [Worker-70: Download sources and javadoc] INFO  o.e.m.c.i.e.AbstractTransferListenerAdapter - Downloading https://repo.maven.apache.org/maven2/org/junit/jupiter/junit-jupiter-api/5.12.2/junit-jupiter-api-5.12.2-sources.jar
2026-08-04 14:53:05,950 [Worker-70: Download sources and javadoc] INFO  o.e.m.c.i.e.AbstractTransferListenerAdapter - Downloaded https://repo.maven.apache.org/maven2/org/junit/jupiter/junit-jupiter-api/5.12.2/junit-jupiter-api-5.12.2-sources.jar
2026-08-04 14:53:05,951 [Worker-70: Download sources and javadoc] INFO  o.e.m.j.internal.DownloadSourcesJob - Downloaded sources for org.junit.jupiter:junit-jupiter-api:5.12.2
2026-08-04 14:53:06,123 [Worker-70: Download sources and javadoc] INFO  o.e.m.c.i.e.AbstractTransferListenerAdapter - Downloading https://repo.maven.apache.org/maven2/org/junit/platform/junit-platform-commons/1.12.2/junit-platform-commons-1.12.2-sources.jar
2026-08-04 14:53:06,216 [Worker-70: Download sources and javadoc] INFO  o.e.m.c.i.e.AbstractTransferListenerAdapter - Downloaded https://repo.maven.apache.org/maven2/org/junit/platform/junit-platform-commons/1.12.2/junit-platform-commons-1.12.2-sources.jar
2026-08-04 14:53:06,219 [Worker-70: Download sources and javadoc] INFO  o.e.m.j.internal.DownloadSourcesJob - Downloaded sources for org.junit.platform:junit-platform-commons:1.12.2
2026-08-04 14:53:06,417 [Worker-70: Download sources and javadoc] INFO  o.e.m.c.i.e.AbstractTransferListenerAdapter - Downloading https://repo.maven.apache.org/maven2/org/junit/jupiter/junit-jupiter-params/5.12.2/junit-jupiter-params-5.12.2-sources.jar
2026-08-04 14:53:06,491 [Worker-70: Download sources and javadoc] INFO  o.e.m.c.i.e.AbstractTransferListenerAdapter - Downloaded https://repo.maven.apache.org/maven2/org/junit/jupiter/junit-jupiter-params/5.12.2/junit-jupiter-params-5.12.2-sources.jar
2026-08-04 14:53:06,495 [Worker-70: Download sources and javadoc] INFO  o.e.m.j.internal.DownloadSourcesJob - Downloaded sources for org.junit.jupiter:junit-jupiter-params:5.12.2
2026-08-04 14:53:06,690 [Worker-70: Download sources and javadoc] INFO  o.e.m.c.i.e.AbstractTransferListenerAdapter - Downloading https://repo.maven.apache.org/maven2/org/junit/jupiter/junit-jupiter-engine/5.12.2/junit-jupiter-engine-5.12.2-sources.jar
2026-08-04 14:53:06,818 [Worker-70: Download sources and javadoc] INFO  o.e.m.c.i.e.AbstractTransferListenerAdapter - Downloaded https://repo.maven.apache.org/maven2/org/junit/jupiter/junit-jupiter-engine/5.12.2/junit-jupiter-engine-5.12.2-sources.jar
2026-08-04 14:53:06,822 [Worker-70: Download sources and javadoc] INFO  o.e.m.j.internal.DownloadSourcesJob - Downloaded sources for org.junit.jupiter:junit-jupiter-engine:5.12.2
2026-08-04 14:53:06,979 [Worker-70: Download sources and javadoc] INFO  o.e.m.c.i.e.AbstractTransferListenerAdapter - Downloading https://repo.maven.apache.org/maven2/org/junit/platform/junit-platform-engine/1.12.2/junit-platform-engine-1.12.2-sources.jar
2026-08-04 14:53:07,089 [Worker-70: Download sources and javadoc] INFO  o.e.m.c.i.e.AbstractTransferListenerAdapter - Downloaded https://repo.maven.apache.org/maven2/org/junit/platform/junit-platform-engine/1.12.2/junit-platform-engine-1.12.2-sources.jar
2026-08-04 14:53:07,092 [Worker-70: Download sources and javadoc] INFO  o.e.m.j.internal.DownloadSourcesJob - Downloaded sources for org.junit.platform:junit-platform-engine:1.12.2
2026-08-04 14:53:07,285 [Worker-70: Download sources and javadoc] INFO  o.e.m.c.i.e.AbstractTransferListenerAdapter - Downloading https://repo.maven.apache.org/maven2/org/mockito/mockito-core/5.17.0/mockito-core-5.17.0-sources.jar
2026-08-04 14:53:07,556 [Worker-70: Download sources and javadoc] INFO  o.e.m.c.i.e.AbstractTransferListenerAdapter - Downloaded https://repo.maven.apache.org/maven2/org/mockito/mockito-core/5.17.0/mockito-core-5.17.0-sources.jar
2026-08-04 14:53:07,560 [Worker-70: Download sources and javadoc] INFO  o.e.m.j.internal.DownloadSourcesJob - Downloaded sources for org.mockito:mockito-core:5.17.0
2026-08-04 14:53:07,754 [Worker-70: Download sources and javadoc] INFO  o.e.m.c.i.e.AbstractTransferListenerAdapter - Downloading https://repo.maven.apache.org/maven2/net/bytebuddy/byte-buddy-agent/1.17.6/byte-buddy-agent-1.17.6-sources.jar
2026-08-04 14:53:07,879 [Worker-70: Download sources and javadoc] INFO  o.e.m.c.i.e.AbstractTransferListenerAdapter - Downloaded https://repo.maven.apache.org/maven2/net/bytebuddy/byte-buddy-agent/1.17.6/byte-buddy-agent-1.17.6-sources.jar
2026-08-04 14:53:07,884 [Worker-70: Download sources and javadoc] INFO  o.e.m.j.internal.DownloadSourcesJob - Downloaded sources for net.bytebuddy:byte-buddy-agent:1.17.6
2026-08-04 14:53:08,119 [Worker-70: Download sources and javadoc] INFO  o.e.m.c.i.e.AbstractTransferListenerAdapter - Downloading https://repo.maven.apache.org/maven2/org/mockito/mockito-junit-jupiter/5.17.0/mockito-junit-jupiter-5.17.0-sources.jar
2026-08-04 14:53:08,124 [Worker-70: Download sources and javadoc] INFO  o.e.m.c.i.e.AbstractTransferListenerAdapter - Downloaded https://repo.maven.apache.org/maven2/org/mockito/mockito-junit-jupiter/5.17.0/mockito-junit-jupiter-5.17.0-sources.jar
2026-08-04 14:53:08,136 [Worker-70: Download sources and javadoc] INFO  o.e.m.j.internal.DownloadSourcesJob - Downloaded sources for org.mockito:mockito-junit-jupiter:5.17.0
2026-08-04 14:53:08,303 [Worker-70: Download sources and javadoc] INFO  o.e.m.c.i.e.AbstractTransferListenerAdapter - Downloading https://repo.maven.apache.org/maven2/org/springframework/spring-core/6.2.9/spring-core-6.2.9-sources.jar
2026-08-04 14:53:08,827 [Worker-70: Download sources and javadoc] INFO  o.e.m.c.i.e.AbstractTransferListenerAdapter - Downloaded https://repo.maven.apache.org/maven2/org/springframework/spring-core/6.2.9/spring-core-6.2.9-sources.jar
2026-08-04 14:53:08,832 [Worker-70: Download sources and javadoc] INFO  o.e.m.j.internal.DownloadSourcesJob - Downloaded sources for org.springframework:spring-core:6.2.9
2026-08-04 14:53:09,089 [Worker-70: Download sources and javadoc] INFO  o.e.m.c.i.e.AbstractTransferListenerAdapter - Downloading https://repo.maven.apache.org/maven2/org/springframework/spring-jcl/6.2.9/spring-jcl-6.2.9-sources.jar
2026-08-04 14:53:09,092 [Worker-70: Download sources and javadoc] INFO  o.e.m.c.i.e.AbstractTransferListenerAdapter - Downloaded https://repo.maven.apache.org/maven2/org/springframework/spring-jcl/6.2.9/spring-jcl-6.2.9-sources.jar
2026-08-04 14:53:09,096 [Worker-70: Download sources and javadoc] INFO  o.e.m.j.internal.DownloadSourcesJob - Downloaded sources for org.springframework:spring-jcl:6.2.9
2026-08-04 14:53:09,305 [Worker-70: Download sources and javadoc] INFO  o.e.m.c.i.e.AbstractTransferListenerAdapter - Downloading https://repo.maven.apache.org/maven2/org/springframework/spring-test/6.2.9/spring-test-6.2.9-sources.jar
2026-08-04 14:53:09,613 [Worker-70: Download sources and javadoc] INFO  o.e.m.c.i.e.AbstractTransferListenerAdapter - Downloaded https://repo.maven.apache.org/maven2/org/springframework/spring-test/6.2.9/spring-test-6.2.9-sources.jar
2026-08-04 14:53:09,618 [Worker-70: Download sources and javadoc] INFO  o.e.m.j.internal.DownloadSourcesJob - Downloaded sources for org.springframework:spring-test:6.2.9
2026-08-04 14:53:09,797 [Worker-70: Download sources and javadoc] INFO  o.e.m.c.i.e.AbstractTransferListenerAdapter - Downloading https://repo.maven.apache.org/maven2/org/xmlunit/xmlunit-core/2.10.3/xmlunit-core-2.10.3-sources.jar
2026-08-04 14:53:09,896 [Worker-70: Download sources and javadoc] INFO  o.e.m.c.i.e.AbstractTransferListenerAdapter - Downloaded https://repo.maven.apache.org/maven2/org/xmlunit/xmlunit-core/2.10.3/xmlunit-core-2.10.3-sources.jar
2026-08-04 14:53:09,901 [Worker-70: Download sources and javadoc] INFO  o.e.m.j.internal.DownloadSourcesJob - Downloaded sources for org.xmlunit:xmlunit-core:2.10.3
2026-08-04 14:53:12,510 [Worker-66: Building] INFO  o.a.m.s.f.DefaultMavenResourcesFiltering - Copying 1 resource from src\main\resources to target\classes
2026-08-04 14:53:12,581 [Worker-66: Building] INFO  o.a.m.s.f.DefaultMavenResourcesFiltering - Copying 0 resource from src\main\resources to target\classes
2026-08-04 14:53:12,869 [Worker-66: Building] INFO  o.a.m.s.f.DefaultMavenResourcesFiltering - skip non existing resourceDirectory D:\EduTrack\backend\eureka-server\src\test\resources
2026-08-04 14:53:12,884 [Worker-66: Building] WARN  o.apache.maven.project.MavenProject - Plugin is modifying compileSourceRoots through clear(), which will not work in Maven 4.0.0. Use MavenProject.addCompileSourceRoot()/removeCompileSourceRoot() methods instead. If using a plugin, please upgrade to the latest version or report the issue to the plugin maintainer. To disable these warnings, set -Dmaven.project.sourceRoots.warningsDisabled=true on the command line, in the .mvn/maven.config file, or in project POM properties.
2026-08-04 14:53:12,902 [Worker-66: Building] WARN  o.apache.maven.project.MavenProject - Plugin is modifying compileSourceRoots through add(), which will not work in Maven 4.0.0. Use MavenProject.addCompileSourceRoot()/removeCompileSourceRoot() methods instead. If using a plugin, please upgrade to the latest version or report the issue to the plugin maintainer. To disable these warnings, set -Dmaven.project.sourceRoots.warningsDisabled=true on the command line, in the .mvn/maven.config file, or in project POM properties.
2026-08-04 14:53:12,906 [Worker-66: Building] WARN  o.apache.maven.project.MavenProject - Plugin is modifying testCompileSourceRoots through clear(), which will not work in Maven 4.0.0. Use MavenProject.addTestCompileSourceRoot()/removeTestCompileSourceRoot() methods instead. If using a plugin, please upgrade to the latest version or report the issue to the plugin maintainer. To disable these warnings, set -Dmaven.project.sourceRoots.warningsDisabled=true on the command line, in the .mvn/maven.config file, or in project POM properties.
2026-08-04 14:53:12,907 [Worker-66: Building] WARN  o.apache.maven.project.MavenProject - Plugin is modifying testCompileSourceRoots through add(), which will not work in Maven 4.0.0. Use MavenProject.addTestCompileSourceRoot()/removeTestCompileSourceRoot() methods instead. If using a plugin, please upgrade to the latest version or report the issue to the plugin maintainer. To disable these warnings, set -Dmaven.project.sourceRoots.warningsDisabled=true on the command line, in the .mvn/maven.config file, or in project POM properties.
2026-08-04 14:56:26,523 [Worker-72: Download sources and javadoc] INFO  o.e.m.c.i.e.AbstractTransferListenerAdapter - Downloaded https://repo.maven.apache.org/maven2/org/springframework/cloud/spring-cloud-starter-netflix-eureka-server/4.3.0/spring-cloud-starter-netflix-eureka-server-4.3.0-javadoc.jar
2026-08-04 14:56:26,539 [Worker-72: Download sources and javadoc] ERROR o.e.m.j.internal.DownloadSourcesJob - Could not download javadoc for org.springframework.cloud:spring-cloud-starter-netflix-eureka-server:4.3.0
org.eclipse.core.runtime.CoreException: Could not resolve artifact org.springframework.cloud:spring-cloud-starter-netflix-eureka-server:jar:javadoc:4.3.0
	at org.eclipse.m2e.core.internal.embedder.MavenImpl.lambda$7(MavenImpl.java:581)
	at org.eclipse.m2e.core.internal.embedder.MavenExecutionContext.executeBare(MavenExecutionContext.java:462)
	at org.eclipse.m2e.core.internal.embedder.MavenExecutionContext.execute(MavenExecutionContext.java:295)
	at org.eclipse.m2e.core.internal.embedder.MavenExecutionContext.execute(MavenExecutionContext.java:281)
	at org.eclipse.m2e.core.internal.embedder.MavenImpl.resolve(MavenImpl.java:550)
	at org.eclipse.m2e.core.internal.embedder.MavenImpl.resolve(MavenImpl.java:535)
	at org.eclipse.m2e.jdt.internal.DownloadSourcesJob.download(DownloadSourcesJob.java:308)
	at org.eclipse.m2e.jdt.internal.DownloadSourcesJob.downloadAttachments(DownloadSourcesJob.java:294)
	at org.eclipse.m2e.jdt.internal.DownloadSourcesJob.downloadMaven(DownloadSourcesJob.java:252)
	at org.eclipse.m2e.jdt.internal.DownloadSourcesJob.downloadFilesAndPopulateToUpdate(DownloadSourcesJob.java:220)
	at org.eclipse.m2e.jdt.internal.DownloadSourcesJob.lambda$0(DownloadSourcesJob.java:149)
	at org.eclipse.m2e.core.internal.embedder.MavenExecutionContext.executeBare(MavenExecutionContext.java:462)
	at org.eclipse.m2e.core.internal.embedder.MavenExecutionContext.execute(MavenExecutionContext.java:342)
	at org.eclipse.m2e.core.internal.embedder.MavenExecutionContext.execute(MavenExecutionContext.java:281)
	at org.eclipse.m2e.core.embedder.IMaven.execute(IMaven.java:300)
	at org.eclipse.m2e.jdt.internal.DownloadSourcesJob.run(DownloadSourcesJob.java:149)
	at org.eclipse.core.internal.jobs.Worker.run(Worker.java:63)
2026-08-04 14:56:26,763 [Worker-72: Download sources and javadoc] INFO  o.e.m.c.i.e.AbstractTransferListenerAdapter - Downloading https://repo.maven.apache.org/maven2/org/springframework/cloud/spring-cloud-starter/4.3.0/spring-cloud-starter-4.3.0-javadoc.jar
2026-08-04 14:56:26,775 [Worker-72: Download sources and javadoc] INFO  o.e.m.c.i.e.AbstractTransferListenerAdapter - Downloaded https://repo.maven.apache.org/maven2/org/springframework/cloud/spring-cloud-starter/4.3.0/spring-cloud-starter-4.3.0-javadoc.jar
2026-08-04 14:56:26,782 [Worker-72: Download sources and javadoc] INFO  o.e.m.j.internal.DownloadSourcesJob - Downloaded javadoc for org.springframework.cloud:spring-cloud-starter:4.3.0
2026-08-04 14:56:26,994 [Worker-72: Download sources and javadoc] INFO  o.e.m.c.i.e.AbstractTransferListenerAdapter - Downloaded https://repo.maven.apache.org/maven2/org/springframework/cloud/spring-cloud-starter-loadbalancer/4.3.0/spring-cloud-starter-loadbalancer-4.3.0-javadoc.jar
2026-08-04 14:56:26,997 [Worker-72: Download sources and javadoc] ERROR o.e.m.j.internal.DownloadSourcesJob - Could not download javadoc for org.springframework.cloud:spring-cloud-starter-loadbalancer:4.3.0
org.eclipse.core.runtime.CoreException: Could not resolve artifact org.springframework.cloud:spring-cloud-starter-loadbalancer:jar:javadoc:4.3.0
	at org.eclipse.m2e.core.internal.embedder.MavenImpl.lambda$7(MavenImpl.java:581)
	at org.eclipse.m2e.core.internal.embedder.MavenExecutionContext.executeBare(MavenExecutionContext.java:462)
	at org.eclipse.m2e.core.internal.embedder.MavenExecutionContext.execute(MavenExecutionContext.java:295)
	at org.eclipse.m2e.core.internal.embedder.MavenExecutionContext.execute(MavenExecutionContext.java:281)
	at org.eclipse.m2e.core.internal.embedder.MavenImpl.resolve(MavenImpl.java:550)
	at org.eclipse.m2e.core.internal.embedder.MavenImpl.resolve(MavenImpl.java:535)
	at org.eclipse.m2e.jdt.internal.DownloadSourcesJob.download(DownloadSourcesJob.java:308)
	at org.eclipse.m2e.jdt.internal.DownloadSourcesJob.downloadAttachments(DownloadSourcesJob.java:294)
	at org.eclipse.m2e.jdt.internal.DownloadSourcesJob.downloadMaven(DownloadSourcesJob.java:252)
	at org.eclipse.m2e.jdt.internal.DownloadSourcesJob.downloadFilesAndPopulateToUpdate(DownloadSourcesJob.java:220)
	at org.eclipse.m2e.jdt.internal.DownloadSourcesJob.lambda$0(DownloadSourcesJob.java:149)
	at org.eclipse.m2e.core.internal.embedder.MavenExecutionContext.executeBare(MavenExecutionContext.java:462)
	at org.eclipse.m2e.core.internal.embedder.MavenExecutionContext.execute(MavenExecutionContext.java:342)
	at org.eclipse.m2e.core.internal.embedder.MavenExecutionContext.execute(MavenExecutionContext.java:281)
	at org.eclipse.m2e.core.embedder.IMaven.execute(IMaven.java:300)
	at org.eclipse.m2e.jdt.internal.DownloadSourcesJob.run(DownloadSourcesJob.java:149)
	at org.eclipse.core.internal.jobs.Worker.run(Worker.java:63)
2026-08-04 15:15:01,981 [Worker-83: Importing Maven projects] INFO  o.e.m.c.i.l.LifecycleMappingFactory - Using org.eclipse.m2e.jdt.JarLifecycleMapping lifecycle mapping for MavenProject: com.edutrack:api-gateway:0.0.1-SNAPSHOT @ D:\api-gateway\api-gateway\pom.xml.
2026-08-04 15:15:02,641 [Worker-83: Importing Maven projects] INFO  o.e.m.c.i.e.AbstractTransferListenerAdapter - Downloading https://repo.maven.apache.org/maven2/org/springframework/cloud/spring-cloud-starter-gateway-server-webmvc/5.0.2/spring-cloud-starter-gateway-server-webmvc-5.0.2.pom
2026-08-04 15:15:02,661 [Worker-83: Importing Maven projects] INFO  o.e.m.c.i.e.AbstractTransferListenerAdapter - Downloaded https://repo.maven.apache.org/maven2/org/springframework/cloud/spring-cloud-starter-gateway-server-webmvc/5.0.2/spring-cloud-starter-gateway-server-webmvc-5.0.2.pom
2026-08-04 15:15:02,759 [Worker-83: Importing Maven projects] INFO  o.e.m.c.i.e.AbstractTransferListenerAdapter - Downloading https://repo.maven.apache.org/maven2/org/springframework/cloud/spring-cloud-gateway/5.0.2/spring-cloud-gateway-5.0.2.pom
2026-08-04 15:15:02,766 [Worker-83: Importing Maven projects] INFO  o.e.m.c.i.e.AbstractTransferListenerAdapter - Downloaded https://repo.maven.apache.org/maven2/org/springframework/cloud/spring-cloud-gateway/5.0.2/spring-cloud-gateway-5.0.2.pom
2026-08-04 15:15:02,990 [Worker-83: Importing Maven projects] INFO  o.e.m.c.i.e.AbstractTransferListenerAdapter - Downloading https://repo.maven.apache.org/maven2/org/springframework/cloud/spring-cloud-gateway-server-webmvc/5.0.2/spring-cloud-gateway-server-webmvc-5.0.2.pom
2026-08-04 15:15:02,996 [Worker-83: Importing Maven projects] INFO  o.e.m.c.i.e.AbstractTransferListenerAdapter - Downloaded https://repo.maven.apache.org/maven2/org/springframework/cloud/spring-cloud-gateway-server-webmvc/5.0.2/spring-cloud-gateway-server-webmvc-5.0.2.pom
2026-08-04 15:15:03,093 [Worker-83: Importing Maven projects] INFO  o.e.m.c.i.e.AbstractTransferListenerAdapter - Downloading https://repo.maven.apache.org/maven2/org/springframework/boot/spring-boot-restclient/4.1.0/spring-boot-restclient-4.1.0.pom
2026-08-04 15:15:03,098 [Worker-83: Importing Maven projects] INFO  o.e.m.c.i.e.AbstractTransferListenerAdapter - Downloaded https://repo.maven.apache.org/maven2/org/springframework/boot/spring-boot-restclient/4.1.0/spring-boot-restclient-4.1.0.pom
2026-08-04 15:15:03,195 [Worker-83: Importing Maven projects] INFO  o.e.m.c.i.e.AbstractTransferListenerAdapter - Downloading https://repo.maven.apache.org/maven2/org/springframework/boot/spring-boot-http-client/4.1.0/spring-boot-http-client-4.1.0.pom
2026-08-04 15:15:03,200 [Worker-83: Importing Maven projects] INFO  o.e.m.c.i.e.AbstractTransferListenerAdapter - Downloaded https://repo.maven.apache.org/maven2/org/springframework/boot/spring-boot-http-client/4.1.0/spring-boot-http-client-4.1.0.pom
2026-08-04 15:15:03,319 [Worker-83: Importing Maven projects] INFO  o.e.m.c.i.e.AbstractTransferListenerAdapter - Downloading https://repo.maven.apache.org/maven2/org/springframework/boot/spring-boot-starter-validation/4.1.0/spring-boot-starter-validation-4.1.0.pom
2026-08-04 15:15:03,325 [Worker-83: Importing Maven projects] INFO  o.e.m.c.i.e.AbstractTransferListenerAdapter - Downloaded https://repo.maven.apache.org/maven2/org/springframework/boot/spring-boot-starter-validation/4.1.0/spring-boot-starter-validation-4.1.0.pom
2026-08-04 15:15:03,435 [Worker-83: Importing Maven projects] INFO  o.e.m.c.i.e.AbstractTransferListenerAdapter - Downloading https://repo.maven.apache.org/maven2/org/springframework/boot/spring-boot-starter-actuator-test/4.1.0/spring-boot-starter-actuator-test-4.1.0.pom
2026-08-04 15:15:03,440 [Worker-83: Importing Maven projects] INFO  o.e.m.c.i.e.AbstractTransferListenerAdapter - Downloaded https://repo.maven.apache.org/maven2/org/springframework/boot/spring-boot-starter-actuator-test/4.1.0/spring-boot-starter-actuator-test-4.1.0.pom
2026-08-04 15:15:03,593 [Worker-83: Importing Maven projects] INFO  o.e.m.c.i.e.AbstractTransferListenerAdapter - Downloading https://repo.maven.apache.org/maven2/org/springframework/boot/spring-boot-starter-micrometer-metrics-test/4.1.0/spring-boot-starter-micrometer-metrics-test-4.1.0.pom
2026-08-04 15:15:03,598 [Worker-83: Importing Maven projects] INFO  o.e.m.c.i.e.AbstractTransferListenerAdapter - Downloaded https://repo.maven.apache.org/maven2/org/springframework/boot/spring-boot-starter-micrometer-metrics-test/4.1.0/spring-boot-starter-micrometer-metrics-test-4.1.0.pom
2026-08-04 15:15:03,689 [Worker-83: Importing Maven projects] INFO  o.e.m.c.i.e.AbstractTransferListenerAdapter - Downloading https://repo.maven.apache.org/maven2/org/springframework/boot/spring-boot-micrometer-metrics-test/4.1.0/spring-boot-micrometer-metrics-test-4.1.0.pom
2026-08-04 15:15:03,697 [Worker-83: Importing Maven projects] INFO  o.e.m.c.i.e.AbstractTransferListenerAdapter - Downloaded https://repo.maven.apache.org/maven2/org/springframework/boot/spring-boot-micrometer-metrics-test/4.1.0/spring-boot-micrometer-metrics-test-4.1.0.pom
2026-08-04 15:15:03,797 [Worker-83: Importing Maven projects] INFO  o.e.m.c.i.e.AbstractTransferListenerAdapter - Downloading https://repo.maven.apache.org/maven2/io/micrometer/micrometer-observation-test/1.17.0/micrometer-observation-test-1.17.0.pom
2026-08-04 15:15:03,801 [Worker-83: Importing Maven projects] INFO  o.e.m.c.i.e.AbstractTransferListenerAdapter - Downloaded https://repo.maven.apache.org/maven2/io/micrometer/micrometer-observation-test/1.17.0/micrometer-observation-test-1.17.0.pom
2026-08-04 15:15:03,968 [Worker-83: Importing Maven projects] INFO  o.e.m.c.i.e.AbstractTransferListenerAdapter - Downloading https://repo.maven.apache.org/maven2/org/springframework/cloud/spring-cloud-starter-gateway-server-webmvc/5.0.2/spring-cloud-starter-gateway-server-webmvc-5.0.2.jar
2026-08-04 15:15:03,975 [Worker-83: Importing Maven projects] INFO  o.e.m.c.i.e.AbstractTransferListenerAdapter - Downloaded https://repo.maven.apache.org/maven2/org/springframework/cloud/spring-cloud-starter-gateway-server-webmvc/5.0.2/spring-cloud-starter-gateway-server-webmvc-5.0.2.jar
2026-08-04 15:15:04,049 [BasicRepositoryConnector-repo.maven.apache.org-1-2] INFO  o.e.m.c.i.e.AbstractTransferListenerAdapter - Downloading https://repo.maven.apache.org/maven2/org/springframework/boot/spring-boot-http-client/4.1.0/spring-boot-http-client-4.1.0.jar
2026-08-04 15:15:04,247 [BasicRepositoryConnector-repo.maven.apache.org-1-3] INFO  o.e.m.c.i.e.AbstractTransferListenerAdapter - Downloading https://repo.maven.apache.org/maven2/org/springframework/boot/spring-boot-starter-validation/4.1.0/spring-boot-starter-validation-4.1.0.jar
2026-08-04 15:15:04,249 [BasicRepositoryConnector-repo.maven.apache.org-1-2] INFO  o.e.m.c.i.e.AbstractTransferListenerAdapter - Downloaded https://repo.maven.apache.org/maven2/org/springframework/boot/spring-boot-http-client/4.1.0/spring-boot-http-client-4.1.0.jar
2026-08-04 15:15:04,251 [BasicRepositoryConnector-repo.maven.apache.org-1-3] INFO  o.e.m.c.i.e.AbstractTransferListenerAdapter - Downloaded https://repo.maven.apache.org/maven2/org/springframework/boot/spring-boot-starter-validation/4.1.0/spring-boot-starter-validation-4.1.0.jar
2026-08-04 15:15:04,258 [BasicRepositoryConnector-repo.maven.apache.org-1-1] INFO  o.e.m.c.i.e.AbstractTransferListenerAdapter - Downloading https://repo.maven.apache.org/maven2/org/springframework/boot/spring-boot-restclient/4.1.0/spring-boot-restclient-4.1.0.jar
2026-08-04 15:15:04,336 [BasicRepositoryConnector-repo.maven.apache.org-1-0] INFO  o.e.m.c.i.e.AbstractTransferListenerAdapter - Downloading https://repo.maven.apache.org/maven2/org/springframework/cloud/spring-cloud-gateway-server-webmvc/5.0.2/spring-cloud-gateway-server-webmvc-5.0.2.jar
2026-08-04 15:15:04,337 [BasicRepositoryConnector-repo.maven.apache.org-1-4] INFO  o.e.m.c.i.e.AbstractTransferListenerAdapter - Downloading https://repo.maven.apache.org/maven2/org/springframework/boot/spring-boot-starter-actuator-test/4.1.0/spring-boot-starter-actuator-test-4.1.0.jar
2026-08-04 15:15:04,342 [BasicRepositoryConnector-repo.maven.apache.org-1-4] INFO  o.e.m.c.i.e.AbstractTransferListenerAdapter - Downloaded https://repo.maven.apache.org/maven2/org/springframework/boot/spring-boot-starter-actuator-test/4.1.0/spring-boot-starter-actuator-test-4.1.0.jar
2026-08-04 15:15:04,342 [BasicRepositoryConnector-repo.maven.apache.org-1-1] INFO  o.e.m.c.i.e.AbstractTransferListenerAdapter - Downloaded https://repo.maven.apache.org/maven2/org/springframework/boot/spring-boot-restclient/4.1.0/spring-boot-restclient-4.1.0.jar
2026-08-04 15:15:04,444 [BasicRepositoryConnector-repo.maven.apache.org-1-3] INFO  o.e.m.c.i.e.AbstractTransferListenerAdapter - Downloading https://repo.maven.apache.org/maven2/org/springframework/boot/spring-boot-micrometer-metrics-test/4.1.0/spring-boot-micrometer-metrics-test-4.1.0.jar
2026-08-04 15:15:04,445 [BasicRepositoryConnector-repo.maven.apache.org-1-2] INFO  o.e.m.c.i.e.AbstractTransferListenerAdapter - Downloading https://repo.maven.apache.org/maven2/org/springframework/boot/spring-boot-starter-micrometer-metrics-test/4.1.0/spring-boot-starter-micrometer-metrics-test-4.1.0.jar
2026-08-04 15:15:04,447 [BasicRepositoryConnector-repo.maven.apache.org-1-3] INFO  o.e.m.c.i.e.AbstractTransferListenerAdapter - Downloaded https://repo.maven.apache.org/maven2/org/springframework/boot/spring-boot-micrometer-metrics-test/4.1.0/spring-boot-micrometer-metrics-test-4.1.0.jar
2026-08-04 15:15:04,453 [BasicRepositoryConnector-repo.maven.apache.org-1-2] INFO  o.e.m.c.i.e.AbstractTransferListenerAdapter - Downloaded https://repo.maven.apache.org/maven2/org/springframework/boot/spring-boot-starter-micrometer-metrics-test/4.1.0/spring-boot-starter-micrometer-metrics-test-4.1.0.jar
2026-08-04 15:15:04,549 [BasicRepositoryConnector-repo.maven.apache.org-1-4] INFO  o.e.m.c.i.e.AbstractTransferListenerAdapter - Downloading https://repo.maven.apache.org/maven2/io/micrometer/micrometer-observation-test/1.17.0/micrometer-observation-test-1.17.0.jar
2026-08-04 15:15:04,661 [BasicRepositoryConnector-repo.maven.apache.org-1-4] INFO  o.e.m.c.i.e.AbstractTransferListenerAdapter - Downloaded https://repo.maven.apache.org/maven2/io/micrometer/micrometer-observation-test/1.17.0/micrometer-observation-test-1.17.0.jar
2026-08-04 15:15:04,836 [BasicRepositoryConnector-repo.maven.apache.org-1-0] INFO  o.e.m.c.i.e.AbstractTransferListenerAdapter - Downloaded https://repo.maven.apache.org/maven2/org/springframework/cloud/spring-cloud-gateway-server-webmvc/5.0.2/spring-cloud-gateway-server-webmvc-5.0.2.jar
2026-08-04 15:15:05,153 [Worker-83: Importing Maven projects] INFO  o.e.m.j.i.AbstractJavaProjectConfigurator - Adding source folder /api-gateway/src/main/java
2026-08-04 15:15:05,153 [Worker-83: Importing Maven projects] INFO  o.e.m.j.i.AbstractJavaProjectConfigurator - Adding resource folder /api-gateway/src/main/resources
2026-08-04 15:15:05,156 [Worker-83: Importing Maven projects] INFO  o.e.m.j.i.AbstractJavaProjectConfigurator - Adding resource folder /api-gateway/src/main/resources
2026-08-04 15:15:05,161 [Worker-83: Importing Maven projects] INFO  o.e.m.j.i.AbstractJavaProjectConfigurator - Adding source folder /api-gateway/src/test/java
2026-08-04 15:15:05,161 [Worker-83: Importing Maven projects] INFO  o.e.m.j.i.AbstractJavaProjectConfigurator - Adding resource folder /api-gateway/src/test/resources
2026-08-04 15:15:05,474 [Worker-83: Importing Maven projects] WARN  o.apache.maven.project.MavenProject - Plugin is modifying compileSourceRoots through clear(), which will not work in Maven 4.0.0. Use MavenProject.addCompileSourceRoot()/removeCompileSourceRoot() methods instead. If using a plugin, please upgrade to the latest version or report the issue to the plugin maintainer. To disable these warnings, set -Dmaven.project.sourceRoots.warningsDisabled=true on the command line, in the .mvn/maven.config file, or in project POM properties.
2026-08-04 15:15:05,476 [Worker-83: Importing Maven projects] WARN  o.apache.maven.project.MavenProject - Plugin is modifying compileSourceRoots through add(), which will not work in Maven 4.0.0. Use MavenProject.addCompileSourceRoot()/removeCompileSourceRoot() methods instead. If using a plugin, please upgrade to the latest version or report the issue to the plugin maintainer. To disable these warnings, set -Dmaven.project.sourceRoots.warningsDisabled=true on the command line, in the .mvn/maven.config file, or in project POM properties.
2026-08-04 15:15:05,478 [Worker-83: Importing Maven projects] WARN  o.apache.maven.project.MavenProject - Plugin is modifying testCompileSourceRoots through clear(), which will not work in Maven 4.0.0. Use MavenProject.addTestCompileSourceRoot()/removeTestCompileSourceRoot() methods instead. If using a plugin, please upgrade to the latest version or report the issue to the plugin maintainer. To disable these warnings, set -Dmaven.project.sourceRoots.warningsDisabled=true on the command line, in the .mvn/maven.config file, or in project POM properties.
2026-08-04 15:15:05,479 [Worker-83: Importing Maven projects] WARN  o.apache.maven.project.MavenProject - Plugin is modifying testCompileSourceRoots through add(), which will not work in Maven 4.0.0. Use MavenProject.addTestCompileSourceRoot()/removeTestCompileSourceRoot() methods instead. If using a plugin, please upgrade to the latest version or report the issue to the plugin maintainer. To disable these warnings, set -Dmaven.project.sourceRoots.warningsDisabled=true on the command line, in the .mvn/maven.config file, or in project POM properties.
2026-08-04 15:15:05,488 [Worker-83: Importing Maven projects] INFO  o.e.m.c.i.p.ProjectConfigurationManager - Imported and configured 1 project(s) in 4 sec
2026-08-04 15:15:06,271 [Worker-75: Building] INFO  o.a.m.s.f.DefaultMavenResourcesFiltering - Copying 1 resource from src\main\resources to target\classes
2026-08-04 15:15:06,304 [Worker-75: Building] INFO  o.a.m.s.f.DefaultMavenResourcesFiltering - Copying 0 resource from src\main\resources to target\classes
2026-08-04 15:15:06,319 [Worker-75: Building] INFO  o.a.m.s.f.DefaultMavenResourcesFiltering - skip non existing resourceDirectory D:\api-gateway\api-gateway\src\test\resources
2026-08-04 15:15:06,346 [Worker-83: Download sources and javadoc] INFO  o.e.m.c.i.e.AbstractTransferListenerAdapter - Downloaded https://repo.maven.apache.org/maven2/org/springframework/cloud/spring-cloud-starter-gateway-server-webmvc/5.0.2/spring-cloud-starter-gateway-server-webmvc-5.0.2-sources.jar
2026-08-04 15:15:06,352 [Worker-83: Download sources and javadoc] ERROR o.e.m.j.internal.DownloadSourcesJob - Could not download sources for org.springframework.cloud:spring-cloud-starter-gateway-server-webmvc:5.0.2
org.eclipse.core.runtime.CoreException: Could not resolve artifact org.springframework.cloud:spring-cloud-starter-gateway-server-webmvc:jar:sources:5.0.2
	at org.eclipse.m2e.core.internal.embedder.MavenImpl.lambda$7(MavenImpl.java:581)
	at org.eclipse.m2e.core.internal.embedder.MavenExecutionContext.executeBare(MavenExecutionContext.java:462)
	at org.eclipse.m2e.core.internal.embedder.MavenExecutionContext.execute(MavenExecutionContext.java:295)
	at org.eclipse.m2e.core.internal.embedder.MavenExecutionContext.execute(MavenExecutionContext.java:281)
	at org.eclipse.m2e.core.internal.embedder.MavenImpl.resolve(MavenImpl.java:550)
	at org.eclipse.m2e.core.internal.embedder.MavenImpl.resolve(MavenImpl.java:535)
	at org.eclipse.m2e.jdt.internal.DownloadSourcesJob.download(DownloadSourcesJob.java:308)
	at org.eclipse.m2e.jdt.internal.DownloadSourcesJob.downloadAttachments(DownloadSourcesJob.java:282)
	at org.eclipse.m2e.jdt.internal.DownloadSourcesJob.downloadMaven(DownloadSourcesJob.java:252)
	at org.eclipse.m2e.jdt.internal.DownloadSourcesJob.downloadFilesAndPopulateToUpdate(DownloadSourcesJob.java:220)
	at org.eclipse.m2e.jdt.internal.DownloadSourcesJob.lambda$0(DownloadSourcesJob.java:149)
	at org.eclipse.m2e.core.internal.embedder.MavenExecutionContext.executeBare(MavenExecutionContext.java:462)
	at org.eclipse.m2e.core.internal.embedder.MavenExecutionContext.execute(MavenExecutionContext.java:342)
	at org.eclipse.m2e.core.internal.embedder.MavenExecutionContext.execute(MavenExecutionContext.java:281)
	at org.eclipse.m2e.core.embedder.IMaven.execute(IMaven.java:300)
	at org.eclipse.m2e.jdt.internal.DownloadSourcesJob.run(DownloadSourcesJob.java:149)
	at org.eclipse.core.internal.jobs.Worker.run(Worker.java:63)
2026-08-04 15:15:06,369 [Worker-75: Building] WARN  o.apache.maven.project.MavenProject - Plugin is modifying compileSourceRoots through clear(), which will not work in Maven 4.0.0. Use MavenProject.addCompileSourceRoot()/removeCompileSourceRoot() methods instead. If using a plugin, please upgrade to the latest version or report the issue to the plugin maintainer. To disable these warnings, set -Dmaven.project.sourceRoots.warningsDisabled=true on the command line, in the .mvn/maven.config file, or in project POM properties.
2026-08-04 15:15:06,370 [Worker-75: Building] WARN  o.apache.maven.project.MavenProject - Plugin is modifying compileSourceRoots through add(), which will not work in Maven 4.0.0. Use MavenProject.addCompileSourceRoot()/removeCompileSourceRoot() methods instead. If using a plugin, please upgrade to the latest version or report the issue to the plugin maintainer. To disable these warnings, set -Dmaven.project.sourceRoots.warningsDisabled=true on the command line, in the .mvn/maven.config file, or in project POM properties.
2026-08-04 15:15:06,371 [Worker-75: Building] WARN  o.apache.maven.project.MavenProject - Plugin is modifying testCompileSourceRoots through clear(), which will not work in Maven 4.0.0. Use MavenProject.addTestCompileSourceRoot()/removeTestCompileSourceRoot() methods instead. If using a plugin, please upgrade to the latest version or report the issue to the plugin maintainer. To disable these warnings, set -Dmaven.project.sourceRoots.warningsDisabled=true on the command line, in the .mvn/maven.config file, or in project POM properties.
2026-08-04 15:15:06,372 [Worker-75: Building] WARN  o.apache.maven.project.MavenProject - Plugin is modifying testCompileSourceRoots through add(), which will not work in Maven 4.0.0. Use MavenProject.addTestCompileSourceRoot()/removeTestCompileSourceRoot() methods instead. If using a plugin, please upgrade to the latest version or report the issue to the plugin maintainer. To disable these warnings, set -Dmaven.project.sourceRoots.warningsDisabled=true on the command line, in the .mvn/maven.config file, or in project POM properties.
2026-08-04 15:15:06,573 [Worker-83: Download sources and javadoc] INFO  o.e.m.c.i.e.AbstractTransferListenerAdapter - Downloading https://repo.maven.apache.org/maven2/org/springframework/cloud/spring-cloud-gateway-server-webmvc/5.0.2/spring-cloud-gateway-server-webmvc-5.0.2-sources.jar
2026-08-04 15:15:06,771 [Worker-83: Download sources and javadoc] INFO  o.e.m.c.i.e.AbstractTransferListenerAdapter - Downloaded https://repo.maven.apache.org/maven2/org/springframework/cloud/spring-cloud-gateway-server-webmvc/5.0.2/spring-cloud-gateway-server-webmvc-5.0.2-sources.jar
2026-08-04 15:15:06,781 [Worker-83: Download sources and javadoc] INFO  o.e.m.j.internal.DownloadSourcesJob - Downloaded sources for org.springframework.cloud:spring-cloud-gateway-server-webmvc:5.0.2
2026-08-04 15:15:07,187 [Worker-83: Download sources and javadoc] INFO  o.e.m.c.i.e.AbstractTransferListenerAdapter - Downloading https://repo.maven.apache.org/maven2/org/springframework/boot/spring-boot-restclient/4.1.0/spring-boot-restclient-4.1.0-sources.jar
2026-08-04 15:15:07,217 [Worker-83: Download sources and javadoc] INFO  o.e.m.c.i.e.AbstractTransferListenerAdapter - Downloaded https://repo.maven.apache.org/maven2/org/springframework/boot/spring-boot-restclient/4.1.0/spring-boot-restclient-4.1.0-sources.jar
2026-08-04 15:15:07,222 [Worker-83: Download sources and javadoc] INFO  o.e.m.j.internal.DownloadSourcesJob - Downloaded sources for org.springframework.boot:spring-boot-restclient:4.1.0
2026-08-04 15:15:07,436 [Worker-83: Download sources and javadoc] INFO  o.e.m.c.i.e.AbstractTransferListenerAdapter - Downloading https://repo.maven.apache.org/maven2/org/springframework/boot/spring-boot-http-client/4.1.0/spring-boot-http-client-4.1.0-sources.jar
2026-08-04 15:15:07,529 [Worker-83: Download sources and javadoc] INFO  o.e.m.c.i.e.AbstractTransferListenerAdapter - Downloaded https://repo.maven.apache.org/maven2/org/springframework/boot/spring-boot-http-client/4.1.0/spring-boot-http-client-4.1.0-sources.jar
2026-08-04 15:15:07,533 [Worker-83: Download sources and javadoc] INFO  o.e.m.j.internal.DownloadSourcesJob - Downloaded sources for org.springframework.boot:spring-boot-http-client:4.1.0
2026-08-04 15:15:08,093 [Worker-83: Download sources and javadoc] INFO  o.e.m.c.i.e.AbstractTransferListenerAdapter - Downloading https://repo.maven.apache.org/maven2/org/springframework/boot/spring-boot-starter-validation/4.1.0/spring-boot-starter-validation-4.1.0-sources.jar
2026-08-04 15:15:08,114 [Worker-83: Download sources and javadoc] INFO  o.e.m.c.i.e.AbstractTransferListenerAdapter - Downloaded https://repo.maven.apache.org/maven2/org/springframework/boot/spring-boot-starter-validation/4.1.0/spring-boot-starter-validation-4.1.0-sources.jar
2026-08-04 15:15:08,141 [Worker-83: Download sources and javadoc] INFO  o.e.m.j.internal.DownloadSourcesJob - Downloaded sources for org.springframework.boot:spring-boot-starter-validation:4.1.0
2026-08-04 15:15:08,474 [Worker-83: Download sources and javadoc] INFO  o.e.m.c.i.e.AbstractTransferListenerAdapter - Downloading https://repo.maven.apache.org/maven2/org/springframework/boot/spring-boot-starter-actuator-test/4.1.0/spring-boot-starter-actuator-test-4.1.0-sources.jar
2026-08-04 15:15:08,480 [Worker-83: Download sources and javadoc] INFO  o.e.m.c.i.e.AbstractTransferListenerAdapter - Downloaded https://repo.maven.apache.org/maven2/org/springframework/boot/spring-boot-starter-actuator-test/4.1.0/spring-boot-starter-actuator-test-4.1.0-sources.jar
2026-08-04 15:15:08,485 [Worker-83: Download sources and javadoc] INFO  o.e.m.j.internal.DownloadSourcesJob - Downloaded sources for org.springframework.boot:spring-boot-starter-actuator-test:4.1.0
2026-08-04 15:15:08,722 [Worker-83: Download sources and javadoc] INFO  o.e.m.c.i.e.AbstractTransferListenerAdapter - Downloading https://repo.maven.apache.org/maven2/org/springframework/boot/spring-boot-starter-micrometer-metrics-test/4.1.0/spring-boot-starter-micrometer-metrics-test-4.1.0-sources.jar
2026-08-04 15:15:08,727 [Worker-83: Download sources and javadoc] INFO  o.e.m.c.i.e.AbstractTransferListenerAdapter - Downloaded https://repo.maven.apache.org/maven2/org/springframework/boot/spring-boot-starter-micrometer-metrics-test/4.1.0/spring-boot-starter-micrometer-metrics-test-4.1.0-sources.jar
2026-08-04 15:15:08,731 [Worker-83: Download sources and javadoc] INFO  o.e.m.j.internal.DownloadSourcesJob - Downloaded sources for org.springframework.boot:spring-boot-starter-micrometer-metrics-test:4.1.0
2026-08-04 15:15:08,994 [Worker-83: Download sources and javadoc] INFO  o.e.m.c.i.e.AbstractTransferListenerAdapter - Downloading https://repo.maven.apache.org/maven2/org/springframework/boot/spring-boot-micrometer-metrics-test/4.1.0/spring-boot-micrometer-metrics-test-4.1.0-sources.jar
2026-08-04 15:15:09,011 [Worker-83: Download sources and javadoc] INFO  o.e.m.c.i.e.AbstractTransferListenerAdapter - Downloaded https://repo.maven.apache.org/maven2/org/springframework/boot/spring-boot-micrometer-metrics-test/4.1.0/spring-boot-micrometer-metrics-test-4.1.0-sources.jar
2026-08-04 15:15:09,015 [Worker-83: Download sources and javadoc] INFO  o.e.m.j.internal.DownloadSourcesJob - Downloaded sources for org.springframework.boot:spring-boot-micrometer-metrics-test:4.1.0
2026-08-04 15:15:09,902 [Worker-83: Download sources and javadoc] INFO  o.e.m.c.i.e.AbstractTransferListenerAdapter - Downloading https://repo.maven.apache.org/maven2/io/micrometer/micrometer-observation-test/1.17.0/micrometer-observation-test-1.17.0-sources.jar
2026-08-04 15:15:09,945 [Worker-83: Download sources and javadoc] INFO  o.e.m.c.i.e.AbstractTransferListenerAdapter - Downloaded https://repo.maven.apache.org/maven2/io/micrometer/micrometer-observation-test/1.17.0/micrometer-observation-test-1.17.0-sources.jar
2026-08-04 15:15:09,950 [Worker-83: Download sources and javadoc] INFO  o.e.m.j.internal.DownloadSourcesJob - Downloaded sources for io.micrometer:micrometer-observation-test:1.17.0
2026-08-04 15:17:04,970 [Worker-88: Building] INFO  o.e.m.c.i.l.LifecycleMappingFactory - Using org.eclipse.m2e.jdt.JarLifecycleMapping lifecycle mapping for MavenProject: com.edutrack:api-gateway:0.0.1-SNAPSHOT @ D:\api-gateway\api-gateway\pom.xml.
2026-08-04 15:17:06,285 [Worker-88: Building] INFO  o.a.m.s.f.DefaultMavenResourcesFiltering - Copying 0 resource from src\main\resources to target\classes
2026-08-04 15:17:06,289 [Worker-88: Building] INFO  o.a.m.s.f.DefaultMavenResourcesFiltering - Copying 0 resource from src\main\resources to target\classes
2026-08-04 15:17:06,297 [Worker-88: Building] INFO  o.a.m.s.f.DefaultMavenResourcesFiltering - skip non existing resourceDirectory D:\api-gateway\api-gateway\src\test\resources
2026-08-04 15:17:06,334 [Worker-88: Building] WARN  o.apache.maven.project.MavenProject - Plugin is modifying compileSourceRoots through clear(), which will not work in Maven 4.0.0. Use MavenProject.addCompileSourceRoot()/removeCompileSourceRoot() methods instead. If using a plugin, please upgrade to the latest version or report the issue to the plugin maintainer. To disable these warnings, set -Dmaven.project.sourceRoots.warningsDisabled=true on the command line, in the .mvn/maven.config file, or in project POM properties.
2026-08-04 15:17:06,339 [Worker-88: Building] WARN  o.apache.maven.project.MavenProject - Plugin is modifying compileSourceRoots through add(), which will not work in Maven 4.0.0. Use MavenProject.addCompileSourceRoot()/removeCompileSourceRoot() methods instead. If using a plugin, please upgrade to the latest version or report the issue to the plugin maintainer. To disable these warnings, set -Dmaven.project.sourceRoots.warningsDisabled=true on the command line, in the .mvn/maven.config file, or in project POM properties.
2026-08-04 15:17:06,339 [Worker-88: Building] WARN  o.apache.maven.project.MavenProject - Plugin is modifying testCompileSourceRoots through clear(), which will not work in Maven 4.0.0. Use MavenProject.addTestCompileSourceRoot()/removeTestCompileSourceRoot() methods instead. If using a plugin, please upgrade to the latest version or report the issue to the plugin maintainer. To disable these warnings, set -Dmaven.project.sourceRoots.warningsDisabled=true on the command line, in the .mvn/maven.config file, or in project POM properties.
2026-08-04 15:17:06,340 [Worker-88: Building] WARN  o.apache.maven.project.MavenProject - Plugin is modifying testCompileSourceRoots through add(), which will not work in Maven 4.0.0. Use MavenProject.addTestCompileSourceRoot()/removeTestCompileSourceRoot() methods instead. If using a plugin, please upgrade to the latest version or report the issue to the plugin maintainer. To disable these warnings, set -Dmaven.project.sourceRoots.warningsDisabled=true on the command line, in the .mvn/maven.config file, or in project POM properties.
2026-08-04 15:17:07,085 [Worker-89: Building] INFO  o.a.m.s.f.DefaultMavenResourcesFiltering - Copying 1 resource from src\main\resources to target\classes
2026-08-04 15:17:07,121 [Worker-89: Building] INFO  o.a.m.s.f.DefaultMavenResourcesFiltering - Copying 0 resource from src\main\resources to target\classes
2026-08-04 15:17:07,129 [Worker-89: Building] INFO  o.a.m.s.f.DefaultMavenResourcesFiltering - skip non existing resourceDirectory D:\api-gateway\api-gateway\src\test\resources
2026-08-04 15:17:07,161 [Worker-89: Building] WARN  o.apache.maven.project.MavenProject - Plugin is modifying compileSourceRoots through clear(), which will not work in Maven 4.0.0. Use MavenProject.addCompileSourceRoot()/removeCompileSourceRoot() methods instead. If using a plugin, please upgrade to the latest version or report the issue to the plugin maintainer. To disable these warnings, set -Dmaven.project.sourceRoots.warningsDisabled=true on the command line, in the .mvn/maven.config file, or in project POM properties.
2026-08-04 15:17:07,162 [Worker-89: Building] WARN  o.apache.maven.project.MavenProject - Plugin is modifying compileSourceRoots through add(), which will not work in Maven 4.0.0. Use MavenProject.addCompileSourceRoot()/removeCompileSourceRoot() methods instead. If using a plugin, please upgrade to the latest version or report the issue to the plugin maintainer. To disable these warnings, set -Dmaven.project.sourceRoots.warningsDisabled=true on the command line, in the .mvn/maven.config file, or in project POM properties.
2026-08-04 15:17:07,163 [Worker-89: Building] WARN  o.apache.maven.project.MavenProject - Plugin is modifying testCompileSourceRoots through clear(), which will not work in Maven 4.0.0. Use MavenProject.addTestCompileSourceRoot()/removeTestCompileSourceRoot() methods instead. If using a plugin, please upgrade to the latest version or report the issue to the plugin maintainer. To disable these warnings, set -Dmaven.project.sourceRoots.warningsDisabled=true on the command line, in the .mvn/maven.config file, or in project POM properties.
2026-08-04 15:17:07,163 [Worker-89: Building] WARN  o.apache.maven.project.MavenProject - Plugin is modifying testCompileSourceRoots through add(), which will not work in Maven 4.0.0. Use MavenProject.addTestCompileSourceRoot()/removeTestCompileSourceRoot() methods instead. If using a plugin, please upgrade to the latest version or report the issue to the plugin maintainer. To disable these warnings, set -Dmaven.project.sourceRoots.warningsDisabled=true on the command line, in the .mvn/maven.config file, or in project POM properties.
2026-08-04 15:17:07,427 [Worker-92: Download sources and javadoc] INFO  o.e.m.c.i.e.AbstractTransferListenerAdapter - Downloaded https://repo.maven.apache.org/maven2/org/springframework/cloud/spring-cloud-starter-gateway-server-webmvc/5.0.2/spring-cloud-starter-gateway-server-webmvc-5.0.2-javadoc.jar
2026-08-04 15:17:07,435 [Worker-92: Download sources and javadoc] ERROR o.e.m.j.internal.DownloadSourcesJob - Could not download javadoc for org.springframework.cloud:spring-cloud-starter-gateway-server-webmvc:5.0.2
org.eclipse.core.runtime.CoreException: Could not resolve artifact org.springframework.cloud:spring-cloud-starter-gateway-server-webmvc:jar:javadoc:5.0.2
	at org.eclipse.m2e.core.internal.embedder.MavenImpl.lambda$7(MavenImpl.java:581)
	at org.eclipse.m2e.core.internal.embedder.MavenExecutionContext.executeBare(MavenExecutionContext.java:462)
	at org.eclipse.m2e.core.internal.embedder.MavenExecutionContext.execute(MavenExecutionContext.java:295)
	at org.eclipse.m2e.core.internal.embedder.MavenExecutionContext.execute(MavenExecutionContext.java:281)
	at org.eclipse.m2e.core.internal.embedder.MavenImpl.resolve(MavenImpl.java:550)
	at org.eclipse.m2e.core.internal.embedder.MavenImpl.resolve(MavenImpl.java:535)
	at org.eclipse.m2e.jdt.internal.DownloadSourcesJob.download(DownloadSourcesJob.java:308)
	at org.eclipse.m2e.jdt.internal.DownloadSourcesJob.downloadAttachments(DownloadSourcesJob.java:294)
	at org.eclipse.m2e.jdt.internal.DownloadSourcesJob.downloadMaven(DownloadSourcesJob.java:252)
	at org.eclipse.m2e.jdt.internal.DownloadSourcesJob.downloadFilesAndPopulateToUpdate(DownloadSourcesJob.java:220)
	at org.eclipse.m2e.jdt.internal.DownloadSourcesJob.lambda$0(DownloadSourcesJob.java:149)
	at org.eclipse.m2e.core.internal.embedder.MavenExecutionContext.executeBare(MavenExecutionContext.java:462)
	at org.eclipse.m2e.core.internal.embedder.MavenExecutionContext.execute(MavenExecutionContext.java:342)
	at org.eclipse.m2e.core.internal.embedder.MavenExecutionContext.execute(MavenExecutionContext.java:281)
	at org.eclipse.m2e.core.embedder.IMaven.execute(IMaven.java:300)
	at org.eclipse.m2e.jdt.internal.DownloadSourcesJob.run(DownloadSourcesJob.java:149)
	at org.eclipse.core.internal.jobs.Worker.run(Worker.java:63)
2026-08-04 15:17:15,812 [Worker-93: Updating Maven Project] INFO  o.e.m.c.i.p.ProjectConfigurationManager - Update started
2026-08-04 15:17:16,101 [Worker-93: Updating Maven Project] INFO  o.e.m.c.i.l.LifecycleMappingFactory - Using org.eclipse.m2e.jdt.JarLifecycleMapping lifecycle mapping for MavenProject: com.edutrack:api-gateway:0.0.1-SNAPSHOT @ D:\api-gateway\api-gateway\pom.xml.
2026-08-04 15:17:16,708 [Worker-93: Updating Maven Project] INFO  o.e.m.j.i.AbstractJavaProjectConfigurator - Adding source folder /api-gateway/src/main/java
2026-08-04 15:17:16,709 [Worker-93: Updating Maven Project] INFO  o.e.m.j.i.AbstractJavaProjectConfigurator - Adding resource folder /api-gateway/src/main/resources
2026-08-04 15:17:16,709 [Worker-93: Updating Maven Project] INFO  o.e.m.j.i.AbstractJavaProjectConfigurator - Adding resource folder /api-gateway/src/main/resources
2026-08-04 15:17:16,712 [Worker-93: Updating Maven Project] INFO  o.e.m.j.i.AbstractJavaProjectConfigurator - Adding source folder /api-gateway/src/test/java
2026-08-04 15:17:16,712 [Worker-93: Updating Maven Project] INFO  o.e.m.j.i.AbstractJavaProjectConfigurator - Adding resource folder /api-gateway/src/test/resources
2026-08-04 15:17:16,894 [Worker-93: Updating Maven Project] WARN  o.apache.maven.project.MavenProject - Plugin is modifying compileSourceRoots through clear(), which will not work in Maven 4.0.0. Use MavenProject.addCompileSourceRoot()/removeCompileSourceRoot() methods instead. If using a plugin, please upgrade to the latest version or report the issue to the plugin maintainer. To disable these warnings, set -Dmaven.project.sourceRoots.warningsDisabled=true on the command line, in the .mvn/maven.config file, or in project POM properties.
2026-08-04 15:17:16,895 [Worker-93: Updating Maven Project] WARN  o.apache.maven.project.MavenProject - Plugin is modifying compileSourceRoots through add(), which will not work in Maven 4.0.0. Use MavenProject.addCompileSourceRoot()/removeCompileSourceRoot() methods instead. If using a plugin, please upgrade to the latest version or report the issue to the plugin maintainer. To disable these warnings, set -Dmaven.project.sourceRoots.warningsDisabled=true on the command line, in the .mvn/maven.config file, or in project POM properties.
2026-08-04 15:17:16,896 [Worker-93: Updating Maven Project] WARN  o.apache.maven.project.MavenProject - Plugin is modifying testCompileSourceRoots through clear(), which will not work in Maven 4.0.0. Use MavenProject.addTestCompileSourceRoot()/removeTestCompileSourceRoot() methods instead. If using a plugin, please upgrade to the latest version or report the issue to the plugin maintainer. To disable these warnings, set -Dmaven.project.sourceRoots.warningsDisabled=true on the command line, in the .mvn/maven.config file, or in project POM properties.
2026-08-04 15:17:16,896 [Worker-93: Updating Maven Project] WARN  o.apache.maven.project.MavenProject - Plugin is modifying testCompileSourceRoots through add(), which will not work in Maven 4.0.0. Use MavenProject.addTestCompileSourceRoot()/removeTestCompileSourceRoot() methods instead. If using a plugin, please upgrade to the latest version or report the issue to the plugin maintainer. To disable these warnings, set -Dmaven.project.sourceRoots.warningsDisabled=true on the command line, in the .mvn/maven.config file, or in project POM properties.
2026-08-04 15:17:16,950 [Worker-93: Updating Maven Project] INFO  o.e.m.c.i.p.ProjectConfigurationManager - Update completed for 1 poms: local refresh takes 0.00 sec, refresh facades takes 0.00 sec, update config takes 0.00 sec 
2026-08-04 15:17:17,369 [Worker-92: Building] INFO  o.a.m.s.f.DefaultMavenResourcesFiltering - Copying 1 resource from src\main\resources to target\classes
2026-08-04 15:17:17,382 [Worker-92: Building] INFO  o.a.m.s.f.DefaultMavenResourcesFiltering - Copying 0 resource from src\main\resources to target\classes
2026-08-04 15:17:17,389 [Worker-92: Building] INFO  o.a.m.s.f.DefaultMavenResourcesFiltering - skip non existing resourceDirectory D:\api-gateway\api-gateway\src\test\resources
2026-08-04 15:17:17,406 [Worker-92: Building] WARN  o.apache.maven.project.MavenProject - Plugin is modifying compileSourceRoots through clear(), which will not work in Maven 4.0.0. Use MavenProject.addCompileSourceRoot()/removeCompileSourceRoot() methods instead. If using a plugin, please upgrade to the latest version or report the issue to the plugin maintainer. To disable these warnings, set -Dmaven.project.sourceRoots.warningsDisabled=true on the command line, in the .mvn/maven.config file, or in project POM properties.
2026-08-04 15:17:17,407 [Worker-92: Building] WARN  o.apache.maven.project.MavenProject - Plugin is modifying compileSourceRoots through add(), which will not work in Maven 4.0.0. Use MavenProject.addCompileSourceRoot()/removeCompileSourceRoot() methods instead. If using a plugin, please upgrade to the latest version or report the issue to the plugin maintainer. To disable these warnings, set -Dmaven.project.sourceRoots.warningsDisabled=true on the command line, in the .mvn/maven.config file, or in project POM properties.
2026-08-04 15:17:17,407 [Worker-92: Building] WARN  o.apache.maven.project.MavenProject - Plugin is modifying testCompileSourceRoots through clear(), which will not work in Maven 4.0.0. Use MavenProject.addTestCompileSourceRoot()/removeTestCompileSourceRoot() methods instead. If using a plugin, please upgrade to the latest version or report the issue to the plugin maintainer. To disable these warnings, set -Dmaven.project.sourceRoots.warningsDisabled=true on the command line, in the .mvn/maven.config file, or in project POM properties.
2026-08-04 15:17:17,408 [Worker-92: Building] WARN  o.apache.maven.project.MavenProject - Plugin is modifying testCompileSourceRoots through add(), which will not work in Maven 4.0.0. Use MavenProject.addTestCompileSourceRoot()/removeTestCompileSourceRoot() methods instead. If using a plugin, please upgrade to the latest version or report the issue to the plugin maintainer. To disable these warnings, set -Dmaven.project.sourceRoots.warningsDisabled=true on the command line, in the .mvn/maven.config file, or in project POM properties.
2026-08-04 15:19:30,609 [Worker-90: Updating Maven Project] INFO  o.e.m.c.i.p.ProjectConfigurationManager - Update started
2026-08-04 15:19:31,225 [Worker-90: Updating Maven Project] INFO  o.e.m.c.i.l.LifecycleMappingFactory - Using org.eclipse.m2e.jdt.JarLifecycleMapping lifecycle mapping for MavenProject: com.edutrack:api-gateway:0.0.1-SNAPSHOT @ D:\api-gateway\api-gateway\pom.xml.
2026-08-04 15:19:32,125 [Worker-90: Updating Maven Project] INFO  o.e.m.j.i.AbstractJavaProjectConfigurator - Adding source folder /api-gateway/src/main/java
2026-08-04 15:19:32,127 [Worker-90: Updating Maven Project] INFO  o.e.m.j.i.AbstractJavaProjectConfigurator - Adding resource folder /api-gateway/src/main/resources
2026-08-04 15:19:32,127 [Worker-90: Updating Maven Project] INFO  o.e.m.j.i.AbstractJavaProjectConfigurator - Adding resource folder /api-gateway/src/main/resources
2026-08-04 15:19:32,128 [Worker-90: Updating Maven Project] INFO  o.e.m.j.i.AbstractJavaProjectConfigurator - Adding source folder /api-gateway/src/test/java
2026-08-04 15:19:32,129 [Worker-90: Updating Maven Project] INFO  o.e.m.j.i.AbstractJavaProjectConfigurator - Adding resource folder /api-gateway/src/test/resources
2026-08-04 15:19:32,355 [Worker-90: Updating Maven Project] WARN  o.apache.maven.project.MavenProject - Plugin is modifying compileSourceRoots through clear(), which will not work in Maven 4.0.0. Use MavenProject.addCompileSourceRoot()/removeCompileSourceRoot() methods instead. If using a plugin, please upgrade to the latest version or report the issue to the plugin maintainer. To disable these warnings, set -Dmaven.project.sourceRoots.warningsDisabled=true on the command line, in the .mvn/maven.config file, or in project POM properties.
2026-08-04 15:19:32,360 [Worker-90: Updating Maven Project] WARN  o.apache.maven.project.MavenProject - Plugin is modifying compileSourceRoots through add(), which will not work in Maven 4.0.0. Use MavenProject.addCompileSourceRoot()/removeCompileSourceRoot() methods instead. If using a plugin, please upgrade to the latest version or report the issue to the plugin maintainer. To disable these warnings, set -Dmaven.project.sourceRoots.warningsDisabled=true on the command line, in the .mvn/maven.config file, or in project POM properties.
2026-08-04 15:19:32,361 [Worker-90: Updating Maven Project] WARN  o.apache.maven.project.MavenProject - Plugin is modifying testCompileSourceRoots through clear(), which will not work in Maven 4.0.0. Use MavenProject.addTestCompileSourceRoot()/removeTestCompileSourceRoot() methods instead. If using a plugin, please upgrade to the latest version or report the issue to the plugin maintainer. To disable these warnings, set -Dmaven.project.sourceRoots.warningsDisabled=true on the command line, in the .mvn/maven.config file, or in project POM properties.
2026-08-04 15:19:32,361 [Worker-90: Updating Maven Project] WARN  o.apache.maven.project.MavenProject - Plugin is modifying testCompileSourceRoots through add(), which will not work in Maven 4.0.0. Use MavenProject.addTestCompileSourceRoot()/removeTestCompileSourceRoot() methods instead. If using a plugin, please upgrade to the latest version or report the issue to the plugin maintainer. To disable these warnings, set -Dmaven.project.sourceRoots.warningsDisabled=true on the command line, in the .mvn/maven.config file, or in project POM properties.
2026-08-04 15:19:32,500 [Worker-90: Updating Maven Project] INFO  o.e.m.c.i.p.ProjectConfigurationManager - Update completed for 1 poms: local refresh takes 0.00 sec, refresh facades takes 1.00 sec, update config takes 0.00 sec 
2026-08-04 15:19:33,124 [Worker-89: Building] INFO  o.a.m.s.f.DefaultMavenResourcesFiltering - Copying 1 resource from src\main\resources to target\classes
2026-08-04 15:19:33,142 [Worker-89: Building] INFO  o.a.m.s.f.DefaultMavenResourcesFiltering - Copying 0 resource from src\main\resources to target\classes
2026-08-04 15:19:33,151 [Worker-89: Building] INFO  o.a.m.s.f.DefaultMavenResourcesFiltering - skip non existing resourceDirectory D:\api-gateway\api-gateway\src\test\resources
2026-08-04 15:19:33,174 [Worker-89: Building] WARN  o.apache.maven.project.MavenProject - Plugin is modifying compileSourceRoots through clear(), which will not work in Maven 4.0.0. Use MavenProject.addCompileSourceRoot()/removeCompileSourceRoot() methods instead. If using a plugin, please upgrade to the latest version or report the issue to the plugin maintainer. To disable these warnings, set -Dmaven.project.sourceRoots.warningsDisabled=true on the command line, in the .mvn/maven.config file, or in project POM properties.
2026-08-04 15:19:33,175 [Worker-89: Building] WARN  o.apache.maven.project.MavenProject - Plugin is modifying compileSourceRoots through add(), which will not work in Maven 4.0.0. Use MavenProject.addCompileSourceRoot()/removeCompileSourceRoot() methods instead. If using a plugin, please upgrade to the latest version or report the issue to the plugin maintainer. To disable these warnings, set -Dmaven.project.sourceRoots.warningsDisabled=true on the command line, in the .mvn/maven.config file, or in project POM properties.
2026-08-04 15:19:33,175 [Worker-89: Building] WARN  o.apache.maven.project.MavenProject - Plugin is modifying testCompileSourceRoots through clear(), which will not work in Maven 4.0.0. Use MavenProject.addTestCompileSourceRoot()/removeTestCompileSourceRoot() methods instead. If using a plugin, please upgrade to the latest version or report the issue to the plugin maintainer. To disable these warnings, set -Dmaven.project.sourceRoots.warningsDisabled=true on the command line, in the .mvn/maven.config file, or in project POM properties.
2026-08-04 15:19:33,176 [Worker-89: Building] WARN  o.apache.maven.project.MavenProject - Plugin is modifying testCompileSourceRoots through add(), which will not work in Maven 4.0.0. Use MavenProject.addTestCompileSourceRoot()/removeTestCompileSourceRoot() methods instead. If using a plugin, please upgrade to the latest version or report the issue to the plugin maintainer. To disable these warnings, set -Dmaven.project.sourceRoots.warningsDisabled=true on the command line, in the .mvn/maven.config file, or in project POM properties.
2026-08-04 15:19:57,679 [Worker-94: Updating Maven Project] INFO  o.e.m.c.i.p.ProjectConfigurationManager - Update started
2026-08-04 15:19:57,950 [Worker-94: Updating Maven Project] INFO  o.e.m.c.i.l.LifecycleMappingFactory - Using org.eclipse.m2e.jdt.JarLifecycleMapping lifecycle mapping for MavenProject: com.edutrack:api-gateway:0.0.1-SNAPSHOT @ D:\api-gateway\api-gateway\pom.xml.
2026-08-04 15:19:58,498 [Worker-94: Updating Maven Project] INFO  o.e.m.j.i.AbstractJavaProjectConfigurator - Adding source folder /api-gateway/src/main/java
2026-08-04 15:19:58,499 [Worker-94: Updating Maven Project] INFO  o.e.m.j.i.AbstractJavaProjectConfigurator - Adding resource folder /api-gateway/src/main/resources
2026-08-04 15:19:58,499 [Worker-94: Updating Maven Project] INFO  o.e.m.j.i.AbstractJavaProjectConfigurator - Adding resource folder /api-gateway/src/main/resources
2026-08-04 15:19:58,499 [Worker-94: Updating Maven Project] INFO  o.e.m.j.i.AbstractJavaProjectConfigurator - Adding source folder /api-gateway/src/test/java
2026-08-04 15:19:58,500 [Worker-94: Updating Maven Project] INFO  o.e.m.j.i.AbstractJavaProjectConfigurator - Adding resource folder /api-gateway/src/test/resources
2026-08-04 15:19:58,663 [Worker-94: Updating Maven Project] WARN  o.apache.maven.project.MavenProject - Plugin is modifying compileSourceRoots through clear(), which will not work in Maven 4.0.0. Use MavenProject.addCompileSourceRoot()/removeCompileSourceRoot() methods instead. If using a plugin, please upgrade to the latest version or report the issue to the plugin maintainer. To disable these warnings, set -Dmaven.project.sourceRoots.warningsDisabled=true on the command line, in the .mvn/maven.config file, or in project POM properties.
2026-08-04 15:19:58,665 [Worker-94: Updating Maven Project] WARN  o.apache.maven.project.MavenProject - Plugin is modifying compileSourceRoots through add(), which will not work in Maven 4.0.0. Use MavenProject.addCompileSourceRoot()/removeCompileSourceRoot() methods instead. If using a plugin, please upgrade to the latest version or report the issue to the plugin maintainer. To disable these warnings, set -Dmaven.project.sourceRoots.warningsDisabled=true on the command line, in the .mvn/maven.config file, or in project POM properties.
2026-08-04 15:19:58,665 [Worker-94: Updating Maven Project] WARN  o.apache.maven.project.MavenProject - Plugin is modifying testCompileSourceRoots through clear(), which will not work in Maven 4.0.0. Use MavenProject.addTestCompileSourceRoot()/removeTestCompileSourceRoot() methods instead. If using a plugin, please upgrade to the latest version or report the issue to the plugin maintainer. To disable these warnings, set -Dmaven.project.sourceRoots.warningsDisabled=true on the command line, in the .mvn/maven.config file, or in project POM properties.
2026-08-04 15:19:58,666 [Worker-94: Updating Maven Project] WARN  o.apache.maven.project.MavenProject - Plugin is modifying testCompileSourceRoots through add(), which will not work in Maven 4.0.0. Use MavenProject.addTestCompileSourceRoot()/removeTestCompileSourceRoot() methods instead. If using a plugin, please upgrade to the latest version or report the issue to the plugin maintainer. To disable these warnings, set -Dmaven.project.sourceRoots.warningsDisabled=true on the command line, in the .mvn/maven.config file, or in project POM properties.
2026-08-04 15:19:58,712 [Worker-94: Updating Maven Project] INFO  o.e.m.c.i.p.ProjectConfigurationManager - Update completed for 1 poms: local refresh takes 0.00 sec, refresh facades takes 0.00 sec, update config takes 0.00 sec 
2026-08-04 15:19:59,017 [Worker-89: Building] INFO  o.a.m.s.f.DefaultMavenResourcesFiltering - Copying 1 resource from src\main\resources to target\classes
2026-08-04 15:19:59,031 [Worker-89: Building] INFO  o.a.m.s.f.DefaultMavenResourcesFiltering - Copying 0 resource from src\main\resources to target\classes
2026-08-04 15:19:59,039 [Worker-89: Building] INFO  o.a.m.s.f.DefaultMavenResourcesFiltering - skip non existing resourceDirectory D:\api-gateway\api-gateway\src\test\resources
2026-08-04 15:19:59,056 [Worker-89: Building] WARN  o.apache.maven.project.MavenProject - Plugin is modifying compileSourceRoots through clear(), which will not work in Maven 4.0.0. Use MavenProject.addCompileSourceRoot()/removeCompileSourceRoot() methods instead. If using a plugin, please upgrade to the latest version or report the issue to the plugin maintainer. To disable these warnings, set -Dmaven.project.sourceRoots.warningsDisabled=true on the command line, in the .mvn/maven.config file, or in project POM properties.
2026-08-04 15:19:59,057 [Worker-89: Building] WARN  o.apache.maven.project.MavenProject - Plugin is modifying compileSourceRoots through add(), which will not work in Maven 4.0.0. Use MavenProject.addCompileSourceRoot()/removeCompileSourceRoot() methods instead. If using a plugin, please upgrade to the latest version or report the issue to the plugin maintainer. To disable these warnings, set -Dmaven.project.sourceRoots.warningsDisabled=true on the command line, in the .mvn/maven.config file, or in project POM properties.
2026-08-04 15:19:59,057 [Worker-89: Building] WARN  o.apache.maven.project.MavenProject - Plugin is modifying testCompileSourceRoots through clear(), which will not work in Maven 4.0.0. Use MavenProject.addTestCompileSourceRoot()/removeTestCompileSourceRoot() methods instead. If using a plugin, please upgrade to the latest version or report the issue to the plugin maintainer. To disable these warnings, set -Dmaven.project.sourceRoots.warningsDisabled=true on the command line, in the .mvn/maven.config file, or in project POM properties.
2026-08-04 15:19:59,057 [Worker-89: Building] WARN  o.apache.maven.project.MavenProject - Plugin is modifying testCompileSourceRoots through add(), which will not work in Maven 4.0.0. Use MavenProject.addTestCompileSourceRoot()/removeTestCompileSourceRoot() methods instead. If using a plugin, please upgrade to the latest version or report the issue to the plugin maintainer. To disable these warnings, set -Dmaven.project.sourceRoots.warningsDisabled=true on the command line, in the .mvn/maven.config file, or in project POM properties.
2026-08-05 11:10:01,981 [Worker-1: Loading available Gradle versions] INFO  o.e.b.c.i.u.g.PublishedGradleVersions - Gradle version information cache is up-to-date. Trying to read.
